2026-06-09 23:44:36.040 Uvicorn server started on 0.0.0.0:8514
Exception in ASGI application
Traceback (most recent call last):
  File "D:\桌面\门店数据诊断\.venv\Lib\site-packages\uvicorn\protocols\http\httptools_impl.py", line 421, in run_asgi
    result = await app(  # type: ignore[func-returns-value]
             ^^^^^^^^^^^^^^^^^^^^^^^^^^^^^^^^^^^^^^^^^^^^^^
  File "D:\桌面\门店数据诊断\.venv\Lib\site-packages\uvicorn\middleware\proxy_headers.py", line 62, in __call__
    return await self.app(scope, receive, send)
           ^^^^^^^^^^^^^^^^^^^^^^^^^^^^^^^^^^^^
  File "D:\桌面\门店数据诊断\.venv\Lib\site-packages\starlette\applications.py", line 90, in __call__
    await self.middleware_stack(scope, receive, send)
  File "D:\桌面\门店数据诊断\.venv\Lib\site-packages\starlette\middleware\errors.py", line 186, in __call__
    raise exc
  File "D:\桌面\门店数据诊断\.venv\Lib\site-packages\starlette\middleware\errors.py", line 164, in __call__
    await self.app(scope, receive, _send)
  File "D:\桌面\门店数据诊断\.venv\Lib\site-packages\streamlit\web\server\starlette\starlette_path_security_middleware.py", line 174, in __call__
    await self.app(scope, receive, send)
  File "D:\桌面\门店数据诊断\.venv\Lib\site-packages\starlette\middleware\sessions.py", line 88, in __call__
    await self.app(scope, receive, send_wrapper)
  File "D:\桌面\门店数据诊断\.venv\Lib\site-packages\streamlit\web\server\starlette\starlette_gzip_middleware.py", line 144, in __call__
    await super().__call__(scope, receive, send)
  File "D:\桌面\门店数据诊断\.venv\Lib\site-packages\streamlit\web\server\starlette\starlette_gzip_middleware.py", line 131, in __call__
    await responder(scope, receive, send)
  File "D:\桌面\门店数据诊断\.venv\Lib\site-packages\starlette\middleware\gzip.py", line 130, in __call__
    await super().__call__(scope, receive, send)
  File "D:\桌面\门店数据诊断\.venv\Lib\site-packages\starlette\middleware\gzip.py", line 46, in __call__
    await self.app(scope, receive, self.send_with_compression)
  File "D:\桌面\门店数据诊断\.venv\Lib\site-packages\starlette\middleware\exceptions.py", line 63, in __call__
    await wrap_app_handling_exceptions(self.app, conn)(scope, receive, send)
  File "D:\桌面\门店数据诊断\.venv\Lib\site-packages\starlette\_exception_handler.py", line 53, in wrapped_app
    raise exc
  File "D:\桌面\门店数据诊断\.venv\Lib\site-packages\starlette\_exception_handler.py", line 42, in wrapped_app
    await app(scope, receive, sender)
  File "D:\桌面\门店数据诊断\.venv\Lib\site-packages\starlette\routing.py", line 660, in __call__
    await self.middleware_stack(scope, receive, send)
  File "D:\桌面\门店数据诊断\.venv\Lib\site-packages\starlette\routing.py", line 680, in app
    await route.handle(scope, receive, send)
  File "D:\桌面\门店数据诊断\.venv\Lib\site-packages\starlette\routing.py", line 448, in handle
    await self.app(scope, receive, send)
  File "D:\桌面\门店数据诊断\.venv\Lib\site-packages\streamlit\web\server\starlette\starlette_static_routes.py", line 125, in __call__
    await super().__call__(scope, receive, send)
  File "D:\桌面\门店数据诊断\.venv\Lib\site-packages\starlette\staticfiles.py", line 98, in __call__
    response = await self.get_response(path, scope)
               ^^^^^^^^^^^^^^^^^^^^^^^^^^^^^^^^^^^^
  File "D:\桌面\门店数据诊断\.venv\Lib\site-packages\streamlit\web\server\starlette\starlette_static_routes.py", line 132, in get_response
    response = await super().get_response(path, scope)
               ^^^^^^^^^^^^^^^^^^^^^^^^^^^^^^^^^^^^^^^
  File "D:\桌面\门店数据诊断\.venv\Lib\site-packages\starlette\staticfiles.py", line 125, in get_response
    raise exc
  File "D:\桌面\门店数据诊断\.venv\Lib\site-packages\starlette\staticfiles.py", line 117, in get_response
    full_path, stat_result = await anyio.to_thread.run_sync(self.lookup_path, path)
                             ^^^^^^^^^^^^^^^^^^^^^^^^^^^^^^^^^^^^^^^^^^^^^^^^^^^^^^
  File "D:\桌面\门店数据诊断\.venv\Lib\site-packages\anyio\to_thread.py", line 63, in run_sync
    return await get_async_backend().run_sync_in_worker_thread(
           ^^^^^^^^^^^^^^^^^^^^^^^^^^^^^^^^^^^^^^^^^^^^^^^^^^^^
  File "D:\桌面\门店数据诊断\.venv\Lib\site-packages\anyio\_backends\_asyncio.py", line 2518, in run_sync_in_worker_thread
    return await future
           ^^^^^^^^^^^^
  File "D:\桌面\门店数据诊断\.venv\Lib\site-packages\anyio\_backends\_asyncio.py", line 1002, in run
    result = context.run(func, *args)
             ^^^^^^^^^^^^^^^^^^^^^^^^
  File "D:\桌面\门店数据诊断\.venv\Lib\site-packages\starlette\staticfiles.py", line 170, in lookup_path
    return full_path, os.stat(full_path)
                      ^^^^^^^^^^^^^^^^^^
OSError: [WinError 123] 文件名、目录名或卷标语法不正确。: 'D:\\桌面\\门店数据诊断\\.venv\\Lib\\site-packages\\streamlit\\static\\:stethoscope:'
Exception in ASGI application
Traceback (most recent call last):
  File "D:\桌面\门店数据诊断\.venv\Lib\site-packages\uvicorn\protocols\http\httptools_impl.py", line 421, in run_asgi
    result = await app(  # type: ignore[func-returns-value]
             ^^^^^^^^^^^^^^^^^^^^^^^^^^^^^^^^^^^^^^^^^^^^^^
  File "D:\桌面\门店数据诊断\.venv\Lib\site-packages\uvicorn\middleware\proxy_headers.py", line 62, in __call__
    return await self.app(scope, receive, send)
           ^^^^^^^^^^^^^^^^^^^^^^^^^^^^^^^^^^^^
  File "D:\桌面\门店数据诊断\.venv\Lib\site-packages\starlette\applications.py", line 90, in __call__
    await self.middleware_stack(scope, receive, send)
  File "D:\桌面\门店数据诊断\.venv\Lib\site-packages\starlette\middleware\errors.py", line 186, in __call__
    raise exc
  File "D:\桌面\门店数据诊断\.venv\Lib\site-packages\starlette\middleware\errors.py", line 164, in __call__
    await self.app(scope, receive, _send)
  File "D:\桌面\门店数据诊断\.venv\Lib\site-packages\streamlit\web\server\starlette\starlette_path_security_middleware.py", line 174, in __call__
    await self.app(scope, receive, send)
  File "D:\桌面\门店数据诊断\.venv\Lib\site-packages\starlette\middleware\sessions.py", line 88, in __call__
    await self.app(scope, receive, send_wrapper)
  File "D:\桌面\门店数据诊断\.venv\Lib\site-packages\streamlit\web\server\starlette\starlette_gzip_middleware.py", line 144, in __call__
    await super().__call__(scope, receive, send)
  File "D:\桌面\门店数据诊断\.venv\Lib\site-packages\streamlit\web\server\starlette\starlette_gzip_middleware.py", line 131, in __call__
    await responder(scope, receive, send)
  File "D:\桌面\门店数据诊断\.venv\Lib\site-packages\starlette\middleware\gzip.py", line 130, in __call__
    await super().__call__(scope, receive, send)
  File "D:\桌面\门店数据诊断\.venv\Lib\site-packages\starlette\middleware\gzip.py", line 46, in __call__
    await self.app(scope, receive, self.send_with_compression)
  File "D:\桌面\门店数据诊断\.venv\Lib\site-packages\starlette\middleware\exceptions.py", line 63, in __call__
    await wrap_app_handling_exceptions(self.app, conn)(scope, receive, send)
  File "D:\桌面\门店数据诊断\.venv\Lib\site-packages\starlette\_exception_handler.py", line 53, in wrapped_app
    raise exc
  File "D:\桌面\门店数据诊断\.venv\Lib\site-packages\starlette\_exception_handler.py", line 42, in wrapped_app
    await app(scope, receive, sender)
  File "D:\桌面\门店数据诊断\.venv\Lib\site-packages\starlette\routing.py", line 660, in __call__
    await self.middleware_stack(scope, receive, send)
  File "D:\桌面\门店数据诊断\.venv\Lib\site-packages\starlette\routing.py", line 680, in app
    await route.handle(scope, receive, send)
  File "D:\桌面\门店数据诊断\.venv\Lib\site-packages\starlette\routing.py", line 448, in handle
    await self.app(scope, receive, send)
  File "D:\桌面\门店数据诊断\.venv\Lib\site-packages\streamlit\web\server\starlette\starlette_static_routes.py", line 125, in __call__
    await super().__call__(scope, receive, send)
  File "D:\桌面\门店数据诊断\.venv\Lib\site-packages\starlette\staticfiles.py", line 98, in __call__
    response = await self.get_response(path, scope)
               ^^^^^^^^^^^^^^^^^^^^^^^^^^^^^^^^^^^^
  File "D:\桌面\门店数据诊断\.venv\Lib\site-packages\streamlit\web\server\starlette\starlette_static_routes.py", line 132, in get_response
    response = await super().get_response(path, scope)
               ^^^^^^^^^^^^^^^^^^^^^^^^^^^^^^^^^^^^^^^
  File "D:\桌面\门店数据诊断\.venv\Lib\site-packages\starlette\staticfiles.py", line 125, in get_response
    raise exc
  File "D:\桌面\门店数据诊断\.venv\Lib\site-packages\starlette\staticfiles.py", line 117, in get_response
    full_path, stat_result = await anyio.to_thread.run_sync(self.lookup_path, path)
                             ^^^^^^^^^^^^^^^^^^^^^^^^^^^^^^^^^^^^^^^^^^^^^^^^^^^^^^
  File "D:\桌面\门店数据诊断\.venv\Lib\site-packages\anyio\to_thread.py", line 63, in run_sync
    return await get_async_backend().run_sync_in_worker_thread(
           ^^^^^^^^^^^^^^^^^^^^^^^^^^^^^^^^^^^^^^^^^^^^^^^^^^^^
  File "D:\桌面\门店数据诊断\.venv\Lib\site-packages\anyio\_backends\_asyncio.py", line 2518, in run_sync_in_worker_thread
    return await future
           ^^^^^^^^^^^^
  File "D:\桌面\门店数据诊断\.venv\Lib\site-packages\anyio\_backends\_asyncio.py", line 1002, in run
    result = context.run(func, *args)
             ^^^^^^^^^^^^^^^^^^^^^^^^
  File "D:\桌面\门店数据诊断\.venv\Lib\site-packages\starlette\staticfiles.py", line 170, in lookup_path
    return full_path, os.stat(full_path)
                      ^^^^^^^^^^^^^^^^^^
OSError: [WinError 123] 文件名、目录名或卷标语法不正确。: 'D:\\桌面\\门店数据诊断\\.venv\\Lib\\site-packages\\streamlit\\static\\:stethoscope:'
Exception in ASGI application
Traceback (most recent call last):
  File "D:\桌面\门店数据诊断\.venv\Lib\site-packages\uvicorn\protocols\http\httptools_impl.py", line 421, in run_asgi
    result = await app(  # type: ignore[func-returns-value]
             ^^^^^^^^^^^^^^^^^^^^^^^^^^^^^^^^^^^^^^^^^^^^^^
  File "D:\桌面\门店数据诊断\.venv\Lib\site-packages\uvicorn\middleware\proxy_headers.py", line 62, in __call__
    return await self.app(scope, receive, send)
           ^^^^^^^^^^^^^^^^^^^^^^^^^^^^^^^^^^^^
  File "D:\桌面\门店数据诊断\.venv\Lib\site-packages\starlette\applications.py", line 90, in __call__
    await self.middleware_stack(scope, receive, send)
  File "D:\桌面\门店数据诊断\.venv\Lib\site-packages\starlette\middleware\errors.py", line 186, in __call__
    raise exc
  File "D:\桌面\门店数据诊断\.venv\Lib\site-packages\starlette\middleware\errors.py", line 164, in __call__
    await self.app(scope, receive, _send)
  File "D:\桌面\门店数据诊断\.venv\Lib\site-packages\streamlit\web\server\starlette\starlette_path_security_middleware.py", line 174, in __call__
    await self.app(scope, receive, send)
  File "D:\桌面\门店数据诊断\.venv\Lib\site-packages\starlette\middleware\sessions.py", line 88, in __call__
    await self.app(scope, receive, send_wrapper)
  File "D:\桌面\门店数据诊断\.venv\Lib\site-packages\streamlit\web\server\starlette\starlette_gzip_middleware.py", line 144, in __call__
    await super().__call__(scope, receive, send)
  File "D:\桌面\门店数据诊断\.venv\Lib\site-packages\streamlit\web\server\starlette\starlette_gzip_middleware.py", line 131, in __call__
    await responder(scope, receive, send)
  File "D:\桌面\门店数据诊断\.venv\Lib\site-packages\starlette\middleware\gzip.py", line 130, in __call__
    await super().__call__(scope, receive, send)
  File "D:\桌面\门店数据诊断\.venv\Lib\site-packages\starlette\middleware\gzip.py", line 46, in __call__
    await self.app(scope, receive, self.send_with_compression)
  File "D:\桌面\门店数据诊断\.venv\Lib\site-packages\starlette\middleware\exceptions.py", line 63, in __call__
    await wrap_app_handling_exceptions(self.app, conn)(scope, receive, send)
  File "D:\桌面\门店数据诊断\.venv\Lib\site-packages\starlette\_exception_handler.py", line 53, in wrapped_app
    raise exc
  File "D:\桌面\门店数据诊断\.venv\Lib\site-packages\starlette\_exception_handler.py", line 42, in wrapped_app
    await app(scope, receive, sender)
  File "D:\桌面\门店数据诊断\.venv\Lib\site-packages\starlette\routing.py", line 660, in __call__
    await self.middleware_stack(scope, receive, send)
  File "D:\桌面\门店数据诊断\.venv\Lib\site-packages\starlette\routing.py", line 680, in app
    await route.handle(scope, receive, send)
  File "D:\桌面\门店数据诊断\.venv\Lib\site-packages\starlette\routing.py", line 448, in handle
    await self.app(scope, receive, send)
  File "D:\桌面\门店数据诊断\.venv\Lib\site-packages\streamlit\web\server\starlette\starlette_static_routes.py", line 125, in __call__
    await super().__call__(scope, receive, send)
  File "D:\桌面\门店数据诊断\.venv\Lib\site-packages\starlette\staticfiles.py", line 98, in __call__
    response = await self.get_response(path, scope)
               ^^^^^^^^^^^^^^^^^^^^^^^^^^^^^^^^^^^^
  File "D:\桌面\门店数据诊断\.venv\Lib\site-packages\streamlit\web\server\starlette\starlette_static_routes.py", line 132, in get_response
    response = await super().get_response(path, scope)
               ^^^^^^^^^^^^^^^^^^^^^^^^^^^^^^^^^^^^^^^
  File "D:\桌面\门店数据诊断\.venv\Lib\site-packages\starlette\staticfiles.py", line 125, in get_response
    raise exc
  File "D:\桌面\门店数据诊断\.venv\Lib\site-packages\starlette\staticfiles.py", line 117, in get_response
    full_path, stat_result = await anyio.to_thread.run_sync(self.lookup_path, path)
                             ^^^^^^^^^^^^^^^^^^^^^^^^^^^^^^^^^^^^^^^^^^^^^^^^^^^^^^
  File "D:\桌面\门店数据诊断\.venv\Lib\site-packages\anyio\to_thread.py", line 63, in run_sync
    return await get_async_backend().run_sync_in_worker_thread(
           ^^^^^^^^^^^^^^^^^^^^^^^^^^^^^^^^^^^^^^^^^^^^^^^^^^^^
  File "D:\桌面\门店数据诊断\.venv\Lib\site-packages\anyio\_backends\_asyncio.py", line 2518, in run_sync_in_worker_thread
    return await future
           ^^^^^^^^^^^^
  File "D:\桌面\门店数据诊断\.venv\Lib\site-packages\anyio\_backends\_asyncio.py", line 1002, in run
    result = context.run(func, *args)
             ^^^^^^^^^^^^^^^^^^^^^^^^
  File "D:\桌面\门店数据诊断\.venv\Lib\site-packages\starlette\staticfiles.py", line 170, in lookup_path
    return full_path, os.stat(full_path)
                      ^^^^^^^^^^^^^^^^^^
OSError: [WinError 123] 文件名、目录名或卷标语法不正确。: 'D:\\桌面\\门店数据诊断\\.venv\\Lib\\site-packages\\streamlit\\static\\:stethoscope:'
Exception in ASGI application
Traceback (most recent call last):
  File "D:\桌面\门店数据诊断\.venv\Lib\site-packages\uvicorn\protocols\http\httptools_impl.py", line 421, in run_asgi
    result = await app(  # type: ignore[func-returns-value]
             ^^^^^^^^^^^^^^^^^^^^^^^^^^^^^^^^^^^^^^^^^^^^^^
  File "D:\桌面\门店数据诊断\.venv\Lib\site-packages\uvicorn\middleware\proxy_headers.py", line 62, in __call__
    return await self.app(scope, receive, send)
           ^^^^^^^^^^^^^^^^^^^^^^^^^^^^^^^^^^^^
  File "D:\桌面\门店数据诊断\.venv\Lib\site-packages\starlette\applications.py", line 90, in __call__
    await self.middleware_stack(scope, receive, send)
  File "D:\桌面\门店数据诊断\.venv\Lib\site-packages\starlette\middleware\errors.py", line 186, in __call__
    raise exc
  File "D:\桌面\门店数据诊断\.venv\Lib\site-packages\starlette\middleware\errors.py", line 164, in __call__
    await self.app(scope, receive, _send)
  File "D:\桌面\门店数据诊断\.venv\Lib\site-packages\streamlit\web\server\starlette\starlette_path_security_middleware.py", line 174, in __call__
    await self.app(scope, receive, send)
  File "D:\桌面\门店数据诊断\.venv\Lib\site-packages\starlette\middleware\sessions.py", line 88, in __call__
    await self.app(scope, receive, send_wrapper)
  File "D:\桌面\门店数据诊断\.venv\Lib\site-packages\streamlit\web\server\starlette\starlette_gzip_middleware.py", line 144, in __call__
    await super().__call__(scope, receive, send)
  File "D:\桌面\门店数据诊断\.venv\Lib\site-packages\streamlit\web\server\starlette\starlette_gzip_middleware.py", line 131, in __call__
    await responder(scope, receive, send)
  File "D:\桌面\门店数据诊断\.venv\Lib\site-packages\starlette\middleware\gzip.py", line 130, in __call__
    await super().__call__(scope, receive, send)
  File "D:\桌面\门店数据诊断\.venv\Lib\site-packages\starlette\middleware\gzip.py", line 46, in __call__
    await self.app(scope, receive, self.send_with_compression)
  File "D:\桌面\门店数据诊断\.venv\Lib\site-packages\starlette\middleware\exceptions.py", line 63, in __call__
    await wrap_app_handling_exceptions(self.app, conn)(scope, receive, send)
  File "D:\桌面\门店数据诊断\.venv\Lib\site-packages\starlette\_exception_handler.py", line 53, in wrapped_app
    raise exc
  File "D:\桌面\门店数据诊断\.venv\Lib\site-packages\starlette\_exception_handler.py", line 42, in wrapped_app
    await app(scope, receive, sender)
  File "D:\桌面\门店数据诊断\.venv\Lib\site-packages\starlette\routing.py", line 660, in __call__
    await self.middleware_stack(scope, receive, send)
  File "D:\桌面\门店数据诊断\.venv\Lib\site-packages\starlette\routing.py", line 680, in app
    await route.handle(scope, receive, send)
  File "D:\桌面\门店数据诊断\.venv\Lib\site-packages\starlette\routing.py", line 448, in handle
    await self.app(scope, receive, send)
  File "D:\桌面\门店数据诊断\.venv\Lib\site-packages\streamlit\web\server\starlette\starlette_static_routes.py", line 125, in __call__
    await super().__call__(scope, receive, send)
  File "D:\桌面\门店数据诊断\.venv\Lib\site-packages\starlette\staticfiles.py", line 98, in __call__
    response = await self.get_response(path, scope)
               ^^^^^^^^^^^^^^^^^^^^^^^^^^^^^^^^^^^^
  File "D:\桌面\门店数据诊断\.venv\Lib\site-packages\streamlit\web\server\starlette\starlette_static_routes.py", line 132, in get_response
    response = await super().get_response(path, scope)
               ^^^^^^^^^^^^^^^^^^^^^^^^^^^^^^^^^^^^^^^
  File "D:\桌面\门店数据诊断\.venv\Lib\site-packages\starlette\staticfiles.py", line 125, in get_response
    raise exc
  File "D:\桌面\门店数据诊断\.venv\Lib\site-packages\starlette\staticfiles.py", line 117, in get_response
    full_path, stat_result = await anyio.to_thread.run_sync(self.lookup_path, path)
                             ^^^^^^^^^^^^^^^^^^^^^^^^^^^^^^^^^^^^^^^^^^^^^^^^^^^^^^
  File "D:\桌面\门店数据诊断\.venv\Lib\site-packages\anyio\to_thread.py", line 63, in run_sync
    return await get_async_backend().run_sync_in_worker_thread(
           ^^^^^^^^^^^^^^^^^^^^^^^^^^^^^^^^^^^^^^^^^^^^^^^^^^^^
  File "D:\桌面\门店数据诊断\.venv\Lib\site-packages\anyio\_backends\_asyncio.py", line 2518, in run_sync_in_worker_thread
    return await future
           ^^^^^^^^^^^^
  File "D:\桌面\门店数据诊断\.venv\Lib\site-packages\anyio\_backends\_asyncio.py", line 1002, in run
    result = context.run(func, *args)
             ^^^^^^^^^^^^^^^^^^^^^^^^
  File "D:\桌面\门店数据诊断\.venv\Lib\site-packages\starlette\staticfiles.py", line 170, in lookup_path
    return full_path, os.stat(full_path)
                      ^^^^^^^^^^^^^^^^^^
OSError: [WinError 123] 文件名、目录名或卷标语法不正确。: 'D:\\桌面\\门店数据诊断\\.venv\\Lib\\site-packages\\streamlit\\static\\:stethoscope:'
Exception in ASGI application
Traceback (most recent call last):
  File "D:\桌面\门店数据诊断\.venv\Lib\site-packages\uvicorn\protocols\http\httptools_impl.py", line 421, in run_asgi
    result = await app(  # type: ignore[func-returns-value]
             ^^^^^^^^^^^^^^^^^^^^^^^^^^^^^^^^^^^^^^^^^^^^^^
  File "D:\桌面\门店数据诊断\.venv\Lib\site-packages\uvicorn\middleware\proxy_headers.py", line 62, in __call__
    return await self.app(scope, receive, send)
           ^^^^^^^^^^^^^^^^^^^^^^^^^^^^^^^^^^^^
  File "D:\桌面\门店数据诊断\.venv\Lib\site-packages\starlette\applications.py", line 90, in __call__
    await self.middleware_stack(scope, receive, send)
  File "D:\桌面\门店数据诊断\.venv\Lib\site-packages\starlette\middleware\errors.py", line 186, in __call__
    raise exc
  File "D:\桌面\门店数据诊断\.venv\Lib\site-packages\starlette\middleware\errors.py", line 164, in __call__
    await self.app(scope, receive, _send)
  File "D:\桌面\门店数据诊断\.venv\Lib\site-packages\streamlit\web\server\starlette\starlette_path_security_middleware.py", line 174, in __call__
    await self.app(scope, receive, send)
  File "D:\桌面\门店数据诊断\.venv\Lib\site-packages\starlette\middleware\sessions.py", line 88, in __call__
    await self.app(scope, receive, send_wrapper)
  File "D:\桌面\门店数据诊断\.venv\Lib\site-packages\streamlit\web\server\starlette\starlette_gzip_middleware.py", line 144, in __call__
    await super().__call__(scope, receive, send)
  File "D:\桌面\门店数据诊断\.venv\Lib\site-packages\streamlit\web\server\starlette\starlette_gzip_middleware.py", line 131, in __call__
    await responder(scope, receive, send)
  File "D:\桌面\门店数据诊断\.venv\Lib\site-packages\starlette\middleware\gzip.py", line 130, in __call__
    await super().__call__(scope, receive, send)
  File "D:\桌面\门店数据诊断\.venv\Lib\site-packages\starlette\middleware\gzip.py", line 46, in __call__
    await self.app(scope, receive, self.send_with_compression)
  File "D:\桌面\门店数据诊断\.venv\Lib\site-packages\starlette\middleware\exceptions.py", line 63, in __call__
    await wrap_app_handling_exceptions(self.app, conn)(scope, receive, send)
  File "D:\桌面\门店数据诊断\.venv\Lib\site-packages\starlette\_exception_handler.py", line 53, in wrapped_app
    raise exc
  File "D:\桌面\门店数据诊断\.venv\Lib\site-packages\starlette\_exception_handler.py", line 42, in wrapped_app
    await app(scope, receive, sender)
  File "D:\桌面\门店数据诊断\.venv\Lib\site-packages\starlette\routing.py", line 660, in __call__
    await self.middleware_stack(scope, receive, send)
  File "D:\桌面\门店数据诊断\.venv\Lib\site-packages\starlette\routing.py", line 680, in app
    await route.handle(scope, receive, send)
  File "D:\桌面\门店数据诊断\.venv\Lib\site-packages\starlette\routing.py", line 448, in handle
    await self.app(scope, receive, send)
  File "D:\桌面\门店数据诊断\.venv\Lib\site-packages\streamlit\web\server\starlette\starlette_static_routes.py", line 125, in __call__
    await super().__call__(scope, receive, send)
  File "D:\桌面\门店数据诊断\.venv\Lib\site-packages\starlette\staticfiles.py", line 98, in __call__
    response = await self.get_response(path, scope)
               ^^^^^^^^^^^^^^^^^^^^^^^^^^^^^^^^^^^^
  File "D:\桌面\门店数据诊断\.venv\Lib\site-packages\streamlit\web\server\starlette\starlette_static_routes.py", line 132, in get_response
    response = await super().get_response(path, scope)
               ^^^^^^^^^^^^^^^^^^^^^^^^^^^^^^^^^^^^^^^
  File "D:\桌面\门店数据诊断\.venv\Lib\site-packages\starlette\staticfiles.py", line 125, in get_response
    raise exc
  File "D:\桌面\门店数据诊断\.venv\Lib\site-packages\starlette\staticfiles.py", line 117, in get_response
    full_path, stat_result = await anyio.to_thread.run_sync(self.lookup_path, path)
                             ^^^^^^^^^^^^^^^^^^^^^^^^^^^^^^^^^^^^^^^^^^^^^^^^^^^^^^
  File "D:\桌面\门店数据诊断\.venv\Lib\site-packages\anyio\to_thread.py", line 63, in run_sync
    return await get_async_backend().run_sync_in_worker_thread(
           ^^^^^^^^^^^^^^^^^^^^^^^^^^^^^^^^^^^^^^^^^^^^^^^^^^^^
  File "D:\桌面\门店数据诊断\.venv\Lib\site-packages\anyio\_backends\_asyncio.py", line 2518, in run_sync_in_worker_thread
    return await future
           ^^^^^^^^^^^^
  File "D:\桌面\门店数据诊断\.venv\Lib\site-packages\anyio\_backends\_asyncio.py", line 1002, in run
    result = context.run(func, *args)
             ^^^^^^^^^^^^^^^^^^^^^^^^
  File "D:\桌面\门店数据诊断\.venv\Lib\site-packages\starlette\staticfiles.py", line 170, in lookup_path
    return full_path, os.stat(full_path)
                      ^^^^^^^^^^^^^^^^^^
OSError: [WinError 123] 文件名、目录名或卷标语法不正确。: 'D:\\桌面\\门店数据诊断\\.venv\\Lib\\site-packages\\streamlit\\static\\:stethoscope:'
Exception in ASGI application
Traceback (most recent call last):
  File "D:\桌面\门店数据诊断\.venv\Lib\site-packages\uvicorn\protocols\http\httptools_impl.py", line 421, in run_asgi
    result = await app(  # type: ignore[func-returns-value]
             ^^^^^^^^^^^^^^^^^^^^^^^^^^^^^^^^^^^^^^^^^^^^^^
  File "D:\桌面\门店数据诊断\.venv\Lib\site-packages\uvicorn\middleware\proxy_headers.py", line 62, in __call__
    return await self.app(scope, receive, send)
           ^^^^^^^^^^^^^^^^^^^^^^^^^^^^^^^^^^^^
  File "D:\桌面\门店数据诊断\.venv\Lib\site-packages\starlette\applications.py", line 90, in __call__
    await self.middleware_stack(scope, receive, send)
  File "D:\桌面\门店数据诊断\.venv\Lib\site-packages\starlette\middleware\errors.py", line 186, in __call__
    raise exc
  File "D:\桌面\门店数据诊断\.venv\Lib\site-packages\starlette\middleware\errors.py", line 164, in __call__
    await self.app(scope, receive, _send)
  File "D:\桌面\门店数据诊断\.venv\Lib\site-packages\streamlit\web\server\starlette\starlette_path_security_middleware.py", line 174, in __call__
    await self.app(scope, receive, send)
  File "D:\桌面\门店数据诊断\.venv\Lib\site-packages\starlette\middleware\sessions.py", line 88, in __call__
    await self.app(scope, receive, send_wrapper)
  File "D:\桌面\门店数据诊断\.venv\Lib\site-packages\streamlit\web\server\starlette\starlette_gzip_middleware.py", line 144, in __call__
    await super().__call__(scope, receive, send)
  File "D:\桌面\门店数据诊断\.venv\Lib\site-packages\streamlit\web\server\starlette\starlette_gzip_middleware.py", line 131, in __call__
    await responder(scope, receive, send)
  File "D:\桌面\门店数据诊断\.venv\Lib\site-packages\starlette\middleware\gzip.py", line 130, in __call__
    await super().__call__(scope, receive, send)
  File "D:\桌面\门店数据诊断\.venv\Lib\site-packages\starlette\middleware\gzip.py", line 46, in __call__
    await self.app(scope, receive, self.send_with_compression)
  File "D:\桌面\门店数据诊断\.venv\Lib\site-packages\starlette\middleware\exceptions.py", line 63, in __call__
    await wrap_app_handling_exceptions(self.app, conn)(scope, receive, send)
  File "D:\桌面\门店数据诊断\.venv\Lib\site-packages\starlette\_exception_handler.py", line 53, in wrapped_app
    raise exc
  File "D:\桌面\门店数据诊断\.venv\Lib\site-packages\starlette\_exception_handler.py", line 42, in wrapped_app
    await app(scope, receive, sender)
  File "D:\桌面\门店数据诊断\.venv\Lib\site-packages\starlette\routing.py", line 660, in __call__
    await self.middleware_stack(scope, receive, send)
  File "D:\桌面\门店数据诊断\.venv\Lib\site-packages\starlette\routing.py", line 680, in app
    await route.handle(scope, receive, send)
  File "D:\桌面\门店数据诊断\.venv\Lib\site-packages\starlette\routing.py", line 448, in handle
    await self.app(scope, receive, send)
  File "D:\桌面\门店数据诊断\.venv\Lib\site-packages\streamlit\web\server\starlette\starlette_static_routes.py", line 125, in __call__
    await super().__call__(scope, receive, send)
  File "D:\桌面\门店数据诊断\.venv\Lib\site-packages\starlette\staticfiles.py", line 98, in __call__
    response = await self.get_response(path, scope)
               ^^^^^^^^^^^^^^^^^^^^^^^^^^^^^^^^^^^^
  File "D:\桌面\门店数据诊断\.venv\Lib\site-packages\streamlit\web\server\starlette\starlette_static_routes.py", line 132, in get_response
    response = await super().get_response(path, scope)
               ^^^^^^^^^^^^^^^^^^^^^^^^^^^^^^^^^^^^^^^
  File "D:\桌面\门店数据诊断\.venv\Lib\site-packages\starlette\staticfiles.py", line 125, in get_response
    raise exc
  File "D:\桌面\门店数据诊断\.venv\Lib\site-packages\starlette\staticfiles.py", line 117, in get_response
    full_path, stat_result = await anyio.to_thread.run_sync(self.lookup_path, path)
                             ^^^^^^^^^^^^^^^^^^^^^^^^^^^^^^^^^^^^^^^^^^^^^^^^^^^^^^
  File "D:\桌面\门店数据诊断\.venv\Lib\site-packages\anyio\to_thread.py", line 63, in run_sync
    return await get_async_backend().run_sync_in_worker_thread(
           ^^^^^^^^^^^^^^^^^^^^^^^^^^^^^^^^^^^^^^^^^^^^^^^^^^^^
  File "D:\桌面\门店数据诊断\.venv\Lib\site-packages\anyio\_backends\_asyncio.py", line 2518, in run_sync_in_worker_thread
    return await future
           ^^^^^^^^^^^^
  File "D:\桌面\门店数据诊断\.venv\Lib\site-packages\anyio\_backends\_asyncio.py", line 1002, in run
    result = context.run(func, *args)
             ^^^^^^^^^^^^^^^^^^^^^^^^
  File "D:\桌面\门店数据诊断\.venv\Lib\site-packages\starlette\staticfiles.py", line 170, in lookup_path
    return full_path, os.stat(full_path)
                      ^^^^^^^^^^^^^^^^^^
OSError: [WinError 123] 文件名、目录名或卷标语法不正确。: 'D:\\桌面\\门店数据诊断\\.venv\\Lib\\site-packages\\streamlit\\static\\:stethoscope:'
Exception in ASGI application
Traceback (most recent call last):
  File "D:\桌面\门店数据诊断\.venv\Lib\site-packages\uvicorn\protocols\http\httptools_impl.py", line 421, in run_asgi
    result = await app(  # type: ignore[func-returns-value]
             ^^^^^^^^^^^^^^^^^^^^^^^^^^^^^^^^^^^^^^^^^^^^^^
  File "D:\桌面\门店数据诊断\.venv\Lib\site-packages\uvicorn\middleware\proxy_headers.py", line 62, in __call__
    return await self.app(scope, receive, send)
           ^^^^^^^^^^^^^^^^^^^^^^^^^^^^^^^^^^^^
  File "D:\桌面\门店数据诊断\.venv\Lib\site-packages\starlette\applications.py", line 90, in __call__
    await self.middleware_stack(scope, receive, send)
  File "D:\桌面\门店数据诊断\.venv\Lib\site-packages\starlette\middleware\errors.py", line 186, in __call__
    raise exc
  File "D:\桌面\门店数据诊断\.venv\Lib\site-packages\starlette\middleware\errors.py", line 164, in __call__
    await self.app(scope, receive, _send)
  File "D:\桌面\门店数据诊断\.venv\Lib\site-packages\streamlit\web\server\starlette\starlette_path_security_middleware.py", line 174, in __call__
    await self.app(scope, receive, send)
  File "D:\桌面\门店数据诊断\.venv\Lib\site-packages\starlette\middleware\sessions.py", line 88, in __call__
    await self.app(scope, receive, send_wrapper)
  File "D:\桌面\门店数据诊断\.venv\Lib\site-packages\streamlit\web\server\starlette\starlette_gzip_middleware.py", line 144, in __call__
    await super().__call__(scope, receive, send)
  File "D:\桌面\门店数据诊断\.venv\Lib\site-packages\streamlit\web\server\starlette\starlette_gzip_middleware.py", line 131, in __call__
    await responder(scope, receive, send)
  File "D:\桌面\门店数据诊断\.venv\Lib\site-packages\starlette\middleware\gzip.py", line 130, in __call__
    await super().__call__(scope, receive, send)
  File "D:\桌面\门店数据诊断\.venv\Lib\site-packages\starlette\middleware\gzip.py", line 46, in __call__
    await self.app(scope, receive, self.send_with_compression)
  File "D:\桌面\门店数据诊断\.venv\Lib\site-packages\starlette\middleware\exceptions.py", line 63, in __call__
    await wrap_app_handling_exceptions(self.app, conn)(scope, receive, send)
  File "D:\桌面\门店数据诊断\.venv\Lib\site-packages\starlette\_exception_handler.py", line 53, in wrapped_app
    raise exc
  File "D:\桌面\门店数据诊断\.venv\Lib\site-packages\starlette\_exception_handler.py", line 42, in wrapped_app
    await app(scope, receive, sender)
  File "D:\桌面\门店数据诊断\.venv\Lib\site-packages\starlette\routing.py", line 660, in __call__
    await self.middleware_stack(scope, receive, send)
  File "D:\桌面\门店数据诊断\.venv\Lib\site-packages\starlette\routing.py", line 680, in app
    await route.handle(scope, receive, send)
  File "D:\桌面\门店数据诊断\.venv\Lib\site-packages\starlette\routing.py", line 448, in handle
    await self.app(scope, receive, send)
  File "D:\桌面\门店数据诊断\.venv\Lib\site-packages\streamlit\web\server\starlette\starlette_static_routes.py", line 125, in __call__
    await super().__call__(scope, receive, send)
  File "D:\桌面\门店数据诊断\.venv\Lib\site-packages\starlette\staticfiles.py", line 98, in __call__
    response = await self.get_response(path, scope)
               ^^^^^^^^^^^^^^^^^^^^^^^^^^^^^^^^^^^^
  File "D:\桌面\门店数据诊断\.venv\Lib\site-packages\streamlit\web\server\starlette\starlette_static_routes.py", line 132, in get_response
    response = await super().get_response(path, scope)
               ^^^^^^^^^^^^^^^^^^^^^^^^^^^^^^^^^^^^^^^
  File "D:\桌面\门店数据诊断\.venv\Lib\site-packages\starlette\staticfiles.py", line 125, in get_response
    raise exc
  File "D:\桌面\门店数据诊断\.venv\Lib\site-packages\starlette\staticfiles.py", line 117, in get_response
    full_path, stat_result = await anyio.to_thread.run_sync(self.lookup_path, path)
                             ^^^^^^^^^^^^^^^^^^^^^^^^^^^^^^^^^^^^^^^^^^^^^^^^^^^^^^
  File "D:\桌面\门店数据诊断\.venv\Lib\site-packages\anyio\to_thread.py", line 63, in run_sync
    return await get_async_backend().run_sync_in_worker_thread(
           ^^^^^^^^^^^^^^^^^^^^^^^^^^^^^^^^^^^^^^^^^^^^^^^^^^^^
  File "D:\桌面\门店数据诊断\.venv\Lib\site-packages\anyio\_backends\_asyncio.py", line 2518, in run_sync_in_worker_thread
    return await future
           ^^^^^^^^^^^^
  File "D:\桌面\门店数据诊断\.venv\Lib\site-packages\anyio\_backends\_asyncio.py", line 1002, in run
    result = context.run(func, *args)
             ^^^^^^^^^^^^^^^^^^^^^^^^
  File "D:\桌面\门店数据诊断\.venv\Lib\site-packages\starlette\staticfiles.py", line 170, in lookup_path
    return full_path, os.stat(full_path)
                      ^^^^^^^^^^^^^^^^^^
OSError: [WinError 123] 文件名、目录名或卷标语法不正确。: 'D:\\桌面\\门店数据诊断\\.venv\\Lib\\site-packages\\streamlit\\static\\:stethoscope:'
Exception in ASGI application
Traceback (most recent call last):
  File "D:\桌面\门店数据诊断\.venv\Lib\site-packages\uvicorn\protocols\http\httptools_impl.py", line 421, in run_asgi
    result = await app(  # type: ignore[func-returns-value]
             ^^^^^^^^^^^^^^^^^^^^^^^^^^^^^^^^^^^^^^^^^^^^^^
  File "D:\桌面\门店数据诊断\.venv\Lib\site-packages\uvicorn\middleware\proxy_headers.py", line 62, in __call__
    return await self.app(scope, receive, send)
           ^^^^^^^^^^^^^^^^^^^^^^^^^^^^^^^^^^^^
  File "D:\桌面\门店数据诊断\.venv\Lib\site-packages\starlette\applications.py", line 90, in __call__
    await self.middleware_stack(scope, receive, send)
  File "D:\桌面\门店数据诊断\.venv\Lib\site-packages\starlette\middleware\errors.py", line 186, in __call__
    raise exc
  File "D:\桌面\门店数据诊断\.venv\Lib\site-packages\starlette\middleware\errors.py", line 164, in __call__
    await self.app(scope, receive, _send)
  File "D:\桌面\门店数据诊断\.venv\Lib\site-packages\streamlit\web\server\starlette\starlette_path_security_middleware.py", line 174, in __call__
    await self.app(scope, receive, send)
  File "D:\桌面\门店数据诊断\.venv\Lib\site-packages\starlette\middleware\sessions.py", line 88, in __call__
    await self.app(scope, receive, send_wrapper)
  File "D:\桌面\门店数据诊断\.venv\Lib\site-packages\streamlit\web\server\starlette\starlette_gzip_middleware.py", line 144, in __call__
    await super().__call__(scope, receive, send)
  File "D:\桌面\门店数据诊断\.venv\Lib\site-packages\streamlit\web\server\starlette\starlette_gzip_middleware.py", line 131, in __call__
    await responder(scope, receive, send)
  File "D:\桌面\门店数据诊断\.venv\Lib\site-packages\starlette\middleware\gzip.py", line 130, in __call__
    await super().__call__(scope, receive, send)
  File "D:\桌面\门店数据诊断\.venv\Lib\site-packages\starlette\middleware\gzip.py", line 46, in __call__
    await self.app(scope, receive, self.send_with_compression)
  File "D:\桌面\门店数据诊断\.venv\Lib\site-packages\starlette\middleware\exceptions.py", line 63, in __call__
    await wrap_app_handling_exceptions(self.app, conn)(scope, receive, send)
  File "D:\桌面\门店数据诊断\.venv\Lib\site-packages\starlette\_exception_handler.py", line 53, in wrapped_app
    raise exc
  File "D:\桌面\门店数据诊断\.venv\Lib\site-packages\starlette\_exception_handler.py", line 42, in wrapped_app
    await app(scope, receive, sender)
  File "D:\桌面\门店数据诊断\.venv\Lib\site-packages\starlette\routing.py", line 660, in __call__
    await self.middleware_stack(scope, receive, send)
  File "D:\桌面\门店数据诊断\.venv\Lib\site-packages\starlette\routing.py", line 680, in app
    await route.handle(scope, receive, send)
  File "D:\桌面\门店数据诊断\.venv\Lib\site-packages\starlette\routing.py", line 448, in handle
    await self.app(scope, receive, send)
  File "D:\桌面\门店数据诊断\.venv\Lib\site-packages\streamlit\web\server\starlette\starlette_static_routes.py", line 125, in __call__
    await super().__call__(scope, receive, send)
  File "D:\桌面\门店数据诊断\.venv\Lib\site-packages\starlette\staticfiles.py", line 98, in __call__
    response = await self.get_response(path, scope)
               ^^^^^^^^^^^^^^^^^^^^^^^^^^^^^^^^^^^^
  File "D:\桌面\门店数据诊断\.venv\Lib\site-packages\streamlit\web\server\starlette\starlette_static_routes.py", line 132, in get_response
    response = await super().get_response(path, scope)
               ^^^^^^^^^^^^^^^^^^^^^^^^^^^^^^^^^^^^^^^
  File "D:\桌面\门店数据诊断\.venv\Lib\site-packages\starlette\staticfiles.py", line 125, in get_response
    raise exc
  File "D:\桌面\门店数据诊断\.venv\Lib\site-packages\starlette\staticfiles.py", line 117, in get_response
    full_path, stat_result = await anyio.to_thread.run_sync(self.lookup_path, path)
                             ^^^^^^^^^^^^^^^^^^^^^^^^^^^^^^^^^^^^^^^^^^^^^^^^^^^^^^
  File "D:\桌面\门店数据诊断\.venv\Lib\site-packages\anyio\to_thread.py", line 63, in run_sync
    return await get_async_backend().run_sync_in_worker_thread(
           ^^^^^^^^^^^^^^^^^^^^^^^^^^^^^^^^^^^^^^^^^^^^^^^^^^^^
  File "D:\桌面\门店数据诊断\.venv\Lib\site-packages\anyio\_backends\_asyncio.py", line 2518, in run_sync_in_worker_thread
    return await future
           ^^^^^^^^^^^^
  File "D:\桌面\门店数据诊断\.venv\Lib\site-packages\anyio\_backends\_asyncio.py", line 1002, in run
    result = context.run(func, *args)
             ^^^^^^^^^^^^^^^^^^^^^^^^
  File "D:\桌面\门店数据诊断\.venv\Lib\site-packages\starlette\staticfiles.py", line 170, in lookup_path
    return full_path, os.stat(full_path)
                      ^^^^^^^^^^^^^^^^^^
OSError: [WinError 123] 文件名、目录名或卷标语法不正确。: 'D:\\桌面\\门店数据诊断\\.venv\\Lib\\site-packages\\streamlit\\static\\:stethoscope:'
Exception in ASGI application
Traceback (most recent call last):
  File "D:\桌面\门店数据诊断\.venv\Lib\site-packages\uvicorn\protocols\http\httptools_impl.py", line 421, in run_asgi
    result = await app(  # type: ignore[func-returns-value]
             ^^^^^^^^^^^^^^^^^^^^^^^^^^^^^^^^^^^^^^^^^^^^^^
  File "D:\桌面\门店数据诊断\.venv\Lib\site-packages\uvicorn\middleware\proxy_headers.py", line 62, in __call__
    return await self.app(scope, receive, send)
           ^^^^^^^^^^^^^^^^^^^^^^^^^^^^^^^^^^^^
  File "D:\桌面\门店数据诊断\.venv\Lib\site-packages\starlette\applications.py", line 90, in __call__
    await self.middleware_stack(scope, receive, send)
  File "D:\桌面\门店数据诊断\.venv\Lib\site-packages\starlette\middleware\errors.py", line 186, in __call__
    raise exc
  File "D:\桌面\门店数据诊断\.venv\Lib\site-packages\starlette\middleware\errors.py", line 164, in __call__
    await self.app(scope, receive, _send)
  File "D:\桌面\门店数据诊断\.venv\Lib\site-packages\streamlit\web\server\starlette\starlette_path_security_middleware.py", line 174, in __call__
    await self.app(scope, receive, send)
  File "D:\桌面\门店数据诊断\.venv\Lib\site-packages\starlette\middleware\sessions.py", line 88, in __call__
    await self.app(scope, receive, send_wrapper)
  File "D:\桌面\门店数据诊断\.venv\Lib\site-packages\streamlit\web\server\starlette\starlette_gzip_middleware.py", line 144, in __call__
    await super().__call__(scope, receive, send)
  File "D:\桌面\门店数据诊断\.venv\Lib\site-packages\streamlit\web\server\starlette\starlette_gzip_middleware.py", line 131, in __call__
    await responder(scope, receive, send)
  File "D:\桌面\门店数据诊断\.venv\Lib\site-packages\starlette\middleware\gzip.py", line 130, in __call__
    await super().__call__(scope, receive, send)
  File "D:\桌面\门店数据诊断\.venv\Lib\site-packages\starlette\middleware\gzip.py", line 46, in __call__
    await self.app(scope, receive, self.send_with_compression)
  File "D:\桌面\门店数据诊断\.venv\Lib\site-packages\starlette\middleware\exceptions.py", line 63, in __call__
    await wrap_app_handling_exceptions(self.app, conn)(scope, receive, send)
  File "D:\桌面\门店数据诊断\.venv\Lib\site-packages\starlette\_exception_handler.py", line 53, in wrapped_app
    raise exc
  File "D:\桌面\门店数据诊断\.venv\Lib\site-packages\starlette\_exception_handler.py", line 42, in wrapped_app
    await app(scope, receive, sender)
  File "D:\桌面\门店数据诊断\.venv\Lib\site-packages\starlette\routing.py", line 660, in __call__
    await self.middleware_stack(scope, receive, send)
  File "D:\桌面\门店数据诊断\.venv\Lib\site-packages\starlette\routing.py", line 680, in app
    await route.handle(scope, receive, send)
  File "D:\桌面\门店数据诊断\.venv\Lib\site-packages\starlette\routing.py", line 448, in handle
    await self.app(scope, receive, send)
  File "D:\桌面\门店数据诊断\.venv\Lib\site-packages\streamlit\web\server\starlette\starlette_static_routes.py", line 125, in __call__
    await super().__call__(scope, receive, send)
  File "D:\桌面\门店数据诊断\.venv\Lib\site-packages\starlette\staticfiles.py", line 98, in __call__
    response = await self.get_response(path, scope)
               ^^^^^^^^^^^^^^^^^^^^^^^^^^^^^^^^^^^^
  File "D:\桌面\门店数据诊断\.venv\Lib\site-packages\streamlit\web\server\starlette\starlette_static_routes.py", line 132, in get_response
    response = await super().get_response(path, scope)
               ^^^^^^^^^^^^^^^^^^^^^^^^^^^^^^^^^^^^^^^
  File "D:\桌面\门店数据诊断\.venv\Lib\site-packages\starlette\staticfiles.py", line 125, in get_response
    raise exc
  File "D:\桌面\门店数据诊断\.venv\Lib\site-packages\starlette\staticfiles.py", line 117, in get_response
    full_path, stat_result = await anyio.to_thread.run_sync(self.lookup_path, path)
                             ^^^^^^^^^^^^^^^^^^^^^^^^^^^^^^^^^^^^^^^^^^^^^^^^^^^^^^
  File "D:\桌面\门店数据诊断\.venv\Lib\site-packages\anyio\to_thread.py", line 63, in run_sync
    return await get_async_backend().run_sync_in_worker_thread(
           ^^^^^^^^^^^^^^^^^^^^^^^^^^^^^^^^^^^^^^^^^^^^^^^^^^^^
  File "D:\桌面\门店数据诊断\.venv\Lib\site-packages\anyio\_backends\_asyncio.py", line 2518, in run_sync_in_worker_thread
    return await future
           ^^^^^^^^^^^^
  File "D:\桌面\门店数据诊断\.venv\Lib\site-packages\anyio\_backends\_asyncio.py", line 1002, in run
    result = context.run(func, *args)
             ^^^^^^^^^^^^^^^^^^^^^^^^
  File "D:\桌面\门店数据诊断\.venv\Lib\site-packages\starlette\staticfiles.py", line 170, in lookup_path
    return full_path, os.stat(full_path)
                      ^^^^^^^^^^^^^^^^^^
OSError: [WinError 123] 文件名、目录名或卷标语法不正确。: 'D:\\桌面\\门店数据诊断\\.venv\\Lib\\site-packages\\streamlit\\static\\:stethoscope:'
Exception in ASGI application
Traceback (most recent call last):
  File "D:\桌面\门店数据诊断\.venv\Lib\site-packages\uvicorn\protocols\http\httptools_impl.py", line 421, in run_asgi
    result = await app(  # type: ignore[func-returns-value]
             ^^^^^^^^^^^^^^^^^^^^^^^^^^^^^^^^^^^^^^^^^^^^^^
  File "D:\桌面\门店数据诊断\.venv\Lib\site-packages\uvicorn\middleware\proxy_headers.py", line 62, in __call__
    return await self.app(scope, receive, send)
           ^^^^^^^^^^^^^^^^^^^^^^^^^^^^^^^^^^^^
  File "D:\桌面\门店数据诊断\.venv\Lib\site-packages\starlette\applications.py", line 90, in __call__
    await self.middleware_stack(scope, receive, send)
  File "D:\桌面\门店数据诊断\.venv\Lib\site-packages\starlette\middleware\errors.py", line 186, in __call__
    raise exc
  File "D:\桌面\门店数据诊断\.venv\Lib\site-packages\starlette\middleware\errors.py", line 164, in __call__
    await self.app(scope, receive, _send)
  File "D:\桌面\门店数据诊断\.venv\Lib\site-packages\streamlit\web\server\starlette\starlette_path_security_middleware.py", line 174, in __call__
    await self.app(scope, receive, send)
  File "D:\桌面\门店数据诊断\.venv\Lib\site-packages\starlette\middleware\sessions.py", line 88, in __call__
    await self.app(scope, receive, send_wrapper)
  File "D:\桌面\门店数据诊断\.venv\Lib\site-packages\streamlit\web\server\starlette\starlette_gzip_middleware.py", line 144, in __call__
    await super().__call__(scope, receive, send)
  File "D:\桌面\门店数据诊断\.venv\Lib\site-packages\streamlit\web\server\starlette\starlette_gzip_middleware.py", line 131, in __call__
    await responder(scope, receive, send)
  File "D:\桌面\门店数据诊断\.venv\Lib\site-packages\starlette\middleware\gzip.py", line 130, in __call__
    await super().__call__(scope, receive, send)
  File "D:\桌面\门店数据诊断\.venv\Lib\site-packages\starlette\middleware\gzip.py", line 46, in __call__
    await self.app(scope, receive, self.send_with_compression)
  File "D:\桌面\门店数据诊断\.venv\Lib\site-packages\starlette\middleware\exceptions.py", line 63, in __call__
    await wrap_app_handling_exceptions(self.app, conn)(scope, receive, send)
  File "D:\桌面\门店数据诊断\.venv\Lib\site-packages\starlette\_exception_handler.py", line 53, in wrapped_app
    raise exc
  File "D:\桌面\门店数据诊断\.venv\Lib\site-packages\starlette\_exception_handler.py", line 42, in wrapped_app
    await app(scope, receive, sender)
  File "D:\桌面\门店数据诊断\.venv\Lib\site-packages\starlette\routing.py", line 660, in __call__
    await self.middleware_stack(scope, receive, send)
  File "D:\桌面\门店数据诊断\.venv\Lib\site-packages\starlette\routing.py", line 680, in app
    await route.handle(scope, receive, send)
  File "D:\桌面\门店数据诊断\.venv\Lib\site-packages\starlette\routing.py", line 448, in handle
    await self.app(scope, receive, send)
  File "D:\桌面\门店数据诊断\.venv\Lib\site-packages\streamlit\web\server\starlette\starlette_static_routes.py", line 125, in __call__
    await super().__call__(scope, receive, send)
  File "D:\桌面\门店数据诊断\.venv\Lib\site-packages\starlette\staticfiles.py", line 98, in __call__
    response = await self.get_response(path, scope)
               ^^^^^^^^^^^^^^^^^^^^^^^^^^^^^^^^^^^^
  File "D:\桌面\门店数据诊断\.venv\Lib\site-packages\streamlit\web\server\starlette\starlette_static_routes.py", line 132, in get_response
    response = await super().get_response(path, scope)
               ^^^^^^^^^^^^^^^^^^^^^^^^^^^^^^^^^^^^^^^
  File "D:\桌面\门店数据诊断\.venv\Lib\site-packages\starlette\staticfiles.py", line 125, in get_response
    raise exc
  File "D:\桌面\门店数据诊断\.venv\Lib\site-packages\starlette\staticfiles.py", line 117, in get_response
    full_path, stat_result = await anyio.to_thread.run_sync(self.lookup_path, path)
                             ^^^^^^^^^^^^^^^^^^^^^^^^^^^^^^^^^^^^^^^^^^^^^^^^^^^^^^
  File "D:\桌面\门店数据诊断\.venv\Lib\site-packages\anyio\to_thread.py", line 63, in run_sync
    return await get_async_backend().run_sync_in_worker_thread(
           ^^^^^^^^^^^^^^^^^^^^^^^^^^^^^^^^^^^^^^^^^^^^^^^^^^^^
  File "D:\桌面\门店数据诊断\.venv\Lib\site-packages\anyio\_backends\_asyncio.py", line 2518, in run_sync_in_worker_thread
    return await future
           ^^^^^^^^^^^^
  File "D:\桌面\门店数据诊断\.venv\Lib\site-packages\anyio\_backends\_asyncio.py", line 1002, in run
    result = context.run(func, *args)
             ^^^^^^^^^^^^^^^^^^^^^^^^
  File "D:\桌面\门店数据诊断\.venv\Lib\site-packages\starlette\staticfiles.py", line 170, in lookup_path
    return full_path, os.stat(full_path)
                      ^^^^^^^^^^^^^^^^^^
OSError: [WinError 123] 文件名、目录名或卷标语法不正确。: 'D:\\桌面\\门店数据诊断\\.venv\\Lib\\site-packages\\streamlit\\static\\:stethoscope:'
Exception in ASGI application
Traceback (most recent call last):
  File "D:\桌面\门店数据诊断\.venv\Lib\site-packages\uvicorn\protocols\http\httptools_impl.py", line 421, in run_asgi
    result = await app(  # type: ignore[func-returns-value]
             ^^^^^^^^^^^^^^^^^^^^^^^^^^^^^^^^^^^^^^^^^^^^^^
  File "D:\桌面\门店数据诊断\.venv\Lib\site-packages\uvicorn\middleware\proxy_headers.py", line 62, in __call__
    return await self.app(scope, receive, send)
           ^^^^^^^^^^^^^^^^^^^^^^^^^^^^^^^^^^^^
  File "D:\桌面\门店数据诊断\.venv\Lib\site-packages\starlette\applications.py", line 90, in __call__
    await self.middleware_stack(scope, receive, send)
  File "D:\桌面\门店数据诊断\.venv\Lib\site-packages\starlette\middleware\errors.py", line 186, in __call__
    raise exc
  File "D:\桌面\门店数据诊断\.venv\Lib\site-packages\starlette\middleware\errors.py", line 164, in __call__
    await self.app(scope, receive, _send)
  File "D:\桌面\门店数据诊断\.venv\Lib\site-packages\streamlit\web\server\starlette\starlette_path_security_middleware.py", line 174, in __call__
    await self.app(scope, receive, send)
  File "D:\桌面\门店数据诊断\.venv\Lib\site-packages\starlette\middleware\sessions.py", line 88, in __call__
    await self.app(scope, receive, send_wrapper)
  File "D:\桌面\门店数据诊断\.venv\Lib\site-packages\streamlit\web\server\starlette\starlette_gzip_middleware.py", line 144, in __call__
    await super().__call__(scope, receive, send)
  File "D:\桌面\门店数据诊断\.venv\Lib\site-packages\streamlit\web\server\starlette\starlette_gzip_middleware.py", line 131, in __call__
    await responder(scope, receive, send)
  File "D:\桌面\门店数据诊断\.venv\Lib\site-packages\starlette\middleware\gzip.py", line 130, in __call__
    await super().__call__(scope, receive, send)
  File "D:\桌面\门店数据诊断\.venv\Lib\site-packages\starlette\middleware\gzip.py", line 46, in __call__
    await self.app(scope, receive, self.send_with_compression)
  File "D:\桌面\门店数据诊断\.venv\Lib\site-packages\starlette\middleware\exceptions.py", line 63, in __call__
    await wrap_app_handling_exceptions(self.app, conn)(scope, receive, send)
  File "D:\桌面\门店数据诊断\.venv\Lib\site-packages\starlette\_exception_handler.py", line 53, in wrapped_app
    raise exc
  File "D:\桌面\门店数据诊断\.venv\Lib\site-packages\starlette\_exception_handler.py", line 42, in wrapped_app
    await app(scope, receive, sender)
  File "D:\桌面\门店数据诊断\.venv\Lib\site-packages\starlette\routing.py", line 660, in __call__
    await self.middleware_stack(scope, receive, send)
  File "D:\桌面\门店数据诊断\.venv\Lib\site-packages\starlette\routing.py", line 680, in app
    await route.handle(scope, receive, send)
  File "D:\桌面\门店数据诊断\.venv\Lib\site-packages\starlette\routing.py", line 448, in handle
    await self.app(scope, receive, send)
  File "D:\桌面\门店数据诊断\.venv\Lib\site-packages\streamlit\web\server\starlette\starlette_static_routes.py", line 125, in __call__
    await super().__call__(scope, receive, send)
  File "D:\桌面\门店数据诊断\.venv\Lib\site-packages\starlette\staticfiles.py", line 98, in __call__
    response = await self.get_response(path, scope)
               ^^^^^^^^^^^^^^^^^^^^^^^^^^^^^^^^^^^^
  File "D:\桌面\门店数据诊断\.venv\Lib\site-packages\streamlit\web\server\starlette\starlette_static_routes.py", line 132, in get_response
    response = await super().get_response(path, scope)
               ^^^^^^^^^^^^^^^^^^^^^^^^^^^^^^^^^^^^^^^
  File "D:\桌面\门店数据诊断\.venv\Lib\site-packages\starlette\staticfiles.py", line 125, in get_response
    raise exc
  File "D:\桌面\门店数据诊断\.venv\Lib\site-packages\starlette\staticfiles.py", line 117, in get_response
    full_path, stat_result = await anyio.to_thread.run_sync(self.lookup_path, path)
                             ^^^^^^^^^^^^^^^^^^^^^^^^^^^^^^^^^^^^^^^^^^^^^^^^^^^^^^
  File "D:\桌面\门店数据诊断\.venv\Lib\site-packages\anyio\to_thread.py", line 63, in run_sync
    return await get_async_backend().run_sync_in_worker_thread(
           ^^^^^^^^^^^^^^^^^^^^^^^^^^^^^^^^^^^^^^^^^^^^^^^^^^^^
  File "D:\桌面\门店数据诊断\.venv\Lib\site-packages\anyio\_backends\_asyncio.py", line 2518, in run_sync_in_worker_thread
    return await future
           ^^^^^^^^^^^^
  File "D:\桌面\门店数据诊断\.venv\Lib\site-packages\anyio\_backends\_asyncio.py", line 1002, in run
    result = context.run(func, *args)
             ^^^^^^^^^^^^^^^^^^^^^^^^
  File "D:\桌面\门店数据诊断\.venv\Lib\site-packages\starlette\staticfiles.py", line 170, in lookup_path
    return full_path, os.stat(full_path)
                      ^^^^^^^^^^^^^^^^^^
OSError: [WinError 123] 文件名、目录名或卷标语法不正确。: 'D:\\桌面\\门店数据诊断\\.venv\\Lib\\site-packages\\streamlit\\static\\:stethoscope:'
Exception in ASGI application
Traceback (most recent call last):
  File "D:\桌面\门店数据诊断\.venv\Lib\site-packages\uvicorn\protocols\http\httptools_impl.py", line 421, in run_asgi
    result = await app(  # type: ignore[func-returns-value]
             ^^^^^^^^^^^^^^^^^^^^^^^^^^^^^^^^^^^^^^^^^^^^^^
  File "D:\桌面\门店数据诊断\.venv\Lib\site-packages\uvicorn\middleware\proxy_headers.py", line 62, in __call__
    return await self.app(scope, receive, send)
           ^^^^^^^^^^^^^^^^^^^^^^^^^^^^^^^^^^^^
  File "D:\桌面\门店数据诊断\.venv\Lib\site-packages\starlette\applications.py", line 90, in __call__
    await self.middleware_stack(scope, receive, send)
  File "D:\桌面\门店数据诊断\.venv\Lib\site-packages\starlette\middleware\errors.py", line 186, in __call__
    raise exc
  File "D:\桌面\门店数据诊断\.venv\Lib\site-packages\starlette\middleware\errors.py", line 164, in __call__
    await self.app(scope, receive, _send)
  File "D:\桌面\门店数据诊断\.venv\Lib\site-packages\streamlit\web\server\starlette\starlette_path_security_middleware.py", line 174, in __call__
    await self.app(scope, receive, send)
  File "D:\桌面\门店数据诊断\.venv\Lib\site-packages\starlette\middleware\sessions.py", line 88, in __call__
    await self.app(scope, receive, send_wrapper)
  File "D:\桌面\门店数据诊断\.venv\Lib\site-packages\streamlit\web\server\starlette\starlette_gzip_middleware.py", line 144, in __call__
    await super().__call__(scope, receive, send)
  File "D:\桌面\门店数据诊断\.venv\Lib\site-packages\streamlit\web\server\starlette\starlette_gzip_middleware.py", line 131, in __call__
    await responder(scope, receive, send)
  File "D:\桌面\门店数据诊断\.venv\Lib\site-packages\starlette\middleware\gzip.py", line 130, in __call__
    await super().__call__(scope, receive, send)
  File "D:\桌面\门店数据诊断\.venv\Lib\site-packages\starlette\middleware\gzip.py", line 46, in __call__
    await self.app(scope, receive, self.send_with_compression)
  File "D:\桌面\门店数据诊断\.venv\Lib\site-packages\starlette\middleware\exceptions.py", line 63, in __call__
    await wrap_app_handling_exceptions(self.app, conn)(scope, receive, send)
  File "D:\桌面\门店数据诊断\.venv\Lib\site-packages\starlette\_exception_handler.py", line 53, in wrapped_app
    raise exc
  File "D:\桌面\门店数据诊断\.venv\Lib\site-packages\starlette\_exception_handler.py", line 42, in wrapped_app
    await app(scope, receive, sender)
  File "D:\桌面\门店数据诊断\.venv\Lib\site-packages\starlette\routing.py", line 660, in __call__
    await self.middleware_stack(scope, receive, send)
  File "D:\桌面\门店数据诊断\.venv\Lib\site-packages\starlette\routing.py", line 680, in app
    await route.handle(scope, receive, send)
  File "D:\桌面\门店数据诊断\.venv\Lib\site-packages\starlette\routing.py", line 448, in handle
    await self.app(scope, receive, send)
  File "D:\桌面\门店数据诊断\.venv\Lib\site-packages\streamlit\web\server\starlette\starlette_static_routes.py", line 125, in __call__
    await super().__call__(scope, receive, send)
  File "D:\桌面\门店数据诊断\.venv\Lib\site-packages\starlette\staticfiles.py", line 98, in __call__
    response = await self.get_response(path, scope)
               ^^^^^^^^^^^^^^^^^^^^^^^^^^^^^^^^^^^^
  File "D:\桌面\门店数据诊断\.venv\Lib\site-packages\streamlit\web\server\starlette\starlette_static_routes.py", line 132, in get_response
    response = await super().get_response(path, scope)
               ^^^^^^^^^^^^^^^^^^^^^^^^^^^^^^^^^^^^^^^
  File "D:\桌面\门店数据诊断\.venv\Lib\site-packages\starlette\staticfiles.py", line 125, in get_response
    raise exc
  File "D:\桌面\门店数据诊断\.venv\Lib\site-packages\starlette\staticfiles.py", line 117, in get_response
    full_path, stat_result = await anyio.to_thread.run_sync(self.lookup_path, path)
                             ^^^^^^^^^^^^^^^^^^^^^^^^^^^^^^^^^^^^^^^^^^^^^^^^^^^^^^
  File "D:\桌面\门店数据诊断\.venv\Lib\site-packages\anyio\to_thread.py", line 63, in run_sync
    return await get_async_backend().run_sync_in_worker_thread(
           ^^^^^^^^^^^^^^^^^^^^^^^^^^^^^^^^^^^^^^^^^^^^^^^^^^^^
  File "D:\桌面\门店数据诊断\.venv\Lib\site-packages\anyio\_backends\_asyncio.py", line 2518, in run_sync_in_worker_thread
    return await future
           ^^^^^^^^^^^^
  File "D:\桌面\门店数据诊断\.venv\Lib\site-packages\anyio\_backends\_asyncio.py", line 1002, in run
    result = context.run(func, *args)
             ^^^^^^^^^^^^^^^^^^^^^^^^
  File "D:\桌面\门店数据诊断\.venv\Lib\site-packages\starlette\staticfiles.py", line 170, in lookup_path
    return full_path, os.stat(full_path)
                      ^^^^^^^^^^^^^^^^^^
OSError: [WinError 123] 文件名、目录名或卷标语法不正确。: 'D:\\桌面\\门店数据诊断\\.venv\\Lib\\site-packages\\streamlit\\static\\:stethoscope:'
Exception in ASGI application
Traceback (most recent call last):
  File "D:\桌面\门店数据诊断\.venv\Lib\site-packages\uvicorn\protocols\http\httptools_impl.py", line 421, in run_asgi
    result = await app(  # type: ignore[func-returns-value]
             ^^^^^^^^^^^^^^^^^^^^^^^^^^^^^^^^^^^^^^^^^^^^^^
  File "D:\桌面\门店数据诊断\.venv\Lib\site-packages\uvicorn\middleware\proxy_headers.py", line 62, in __call__
    return await self.app(scope, receive, send)
           ^^^^^^^^^^^^^^^^^^^^^^^^^^^^^^^^^^^^
  File "D:\桌面\门店数据诊断\.venv\Lib\site-packages\starlette\applications.py", line 90, in __call__
    await self.middleware_stack(scope, receive, send)
  File "D:\桌面\门店数据诊断\.venv\Lib\site-packages\starlette\middleware\errors.py", line 186, in __call__
    raise exc
  File "D:\桌面\门店数据诊断\.venv\Lib\site-packages\starlette\middleware\errors.py", line 164, in __call__
    await self.app(scope, receive, _send)
  File "D:\桌面\门店数据诊断\.venv\Lib\site-packages\streamlit\web\server\starlette\starlette_path_security_middleware.py", line 174, in __call__
    await self.app(scope, receive, send)
  File "D:\桌面\门店数据诊断\.venv\Lib\site-packages\starlette\middleware\sessions.py", line 88, in __call__
    await self.app(scope, receive, send_wrapper)
  File "D:\桌面\门店数据诊断\.venv\Lib\site-packages\streamlit\web\server\starlette\starlette_gzip_middleware.py", line 144, in __call__
    await super().__call__(scope, receive, send)
  File "D:\桌面\门店数据诊断\.venv\Lib\site-packages\streamlit\web\server\starlette\starlette_gzip_middleware.py", line 131, in __call__
    await responder(scope, receive, send)
  File "D:\桌面\门店数据诊断\.venv\Lib\site-packages\starlette\middleware\gzip.py", line 130, in __call__
    await super().__call__(scope, receive, send)
  File "D:\桌面\门店数据诊断\.venv\Lib\site-packages\starlette\middleware\gzip.py", line 46, in __call__
    await self.app(scope, receive, self.send_with_compression)
  File "D:\桌面\门店数据诊断\.venv\Lib\site-packages\starlette\middleware\exceptions.py", line 63, in __call__
    await wrap_app_handling_exceptions(self.app, conn)(scope, receive, send)
  File "D:\桌面\门店数据诊断\.venv\Lib\site-packages\starlette\_exception_handler.py", line 53, in wrapped_app
    raise exc
  File "D:\桌面\门店数据诊断\.venv\Lib\site-packages\starlette\_exception_handler.py", line 42, in wrapped_app
    await app(scope, receive, sender)
  File "D:\桌面\门店数据诊断\.venv\Lib\site-packages\starlette\routing.py", line 660, in __call__
    await self.middleware_stack(scope, receive, send)
  File "D:\桌面\门店数据诊断\.venv\Lib\site-packages\starlette\routing.py", line 680, in app
    await route.handle(scope, receive, send)
  File "D:\桌面\门店数据诊断\.venv\Lib\site-packages\starlette\routing.py", line 448, in handle
    await self.app(scope, receive, send)
  File "D:\桌面\门店数据诊断\.venv\Lib\site-packages\streamlit\web\server\starlette\starlette_static_routes.py", line 125, in __call__
    await super().__call__(scope, receive, send)
  File "D:\桌面\门店数据诊断\.venv\Lib\site-packages\starlette\staticfiles.py", line 98, in __call__
    response = await self.get_response(path, scope)
               ^^^^^^^^^^^^^^^^^^^^^^^^^^^^^^^^^^^^
  File "D:\桌面\门店数据诊断\.venv\Lib\site-packages\streamlit\web\server\starlette\starlette_static_routes.py", line 132, in get_response
    response = await super().get_response(path, scope)
               ^^^^^^^^^^^^^^^^^^^^^^^^^^^^^^^^^^^^^^^
  File "D:\桌面\门店数据诊断\.venv\Lib\site-packages\starlette\staticfiles.py", line 125, in get_response
    raise exc
  File "D:\桌面\门店数据诊断\.venv\Lib\site-packages\starlette\staticfiles.py", line 117, in get_response
    full_path, stat_result = await anyio.to_thread.run_sync(self.lookup_path, path)
                             ^^^^^^^^^^^^^^^^^^^^^^^^^^^^^^^^^^^^^^^^^^^^^^^^^^^^^^
  File "D:\桌面\门店数据诊断\.venv\Lib\site-packages\anyio\to_thread.py", line 63, in run_sync
    return await get_async_backend().run_sync_in_worker_thread(
           ^^^^^^^^^^^^^^^^^^^^^^^^^^^^^^^^^^^^^^^^^^^^^^^^^^^^
  File "D:\桌面\门店数据诊断\.venv\Lib\site-packages\anyio\_backends\_asyncio.py", line 2518, in run_sync_in_worker_thread
    return await future
           ^^^^^^^^^^^^
  File "D:\桌面\门店数据诊断\.venv\Lib\site-packages\anyio\_backends\_asyncio.py", line 1002, in run
    result = context.run(func, *args)
             ^^^^^^^^^^^^^^^^^^^^^^^^
  File "D:\桌面\门店数据诊断\.venv\Lib\site-packages\starlette\staticfiles.py", line 170, in lookup_path
    return full_path, os.stat(full_path)
                      ^^^^^^^^^^^^^^^^^^
OSError: [WinError 123] 文件名、目录名或卷标语法不正确。: 'D:\\桌面\\门店数据诊断\\.venv\\Lib\\site-packages\\streamlit\\static\\:stethoscope:'
Exception in ASGI application
Traceback (most recent call last):
  File "D:\桌面\门店数据诊断\.venv\Lib\site-packages\uvicorn\protocols\http\httptools_impl.py", line 421, in run_asgi
    result = await app(  # type: ignore[func-returns-value]
             ^^^^^^^^^^^^^^^^^^^^^^^^^^^^^^^^^^^^^^^^^^^^^^
  File "D:\桌面\门店数据诊断\.venv\Lib\site-packages\uvicorn\middleware\proxy_headers.py", line 62, in __call__
    return await self.app(scope, receive, send)
           ^^^^^^^^^^^^^^^^^^^^^^^^^^^^^^^^^^^^
  File "D:\桌面\门店数据诊断\.venv\Lib\site-packages\starlette\applications.py", line 90, in __call__
    await self.middleware_stack(scope, receive, send)
  File "D:\桌面\门店数据诊断\.venv\Lib\site-packages\starlette\middleware\errors.py", line 186, in __call__
    raise exc
  File "D:\桌面\门店数据诊断\.venv\Lib\site-packages\starlette\middleware\errors.py", line 164, in __call__
    await self.app(scope, receive, _send)
  File "D:\桌面\门店数据诊断\.venv\Lib\site-packages\streamlit\web\server\starlette\starlette_path_security_middleware.py", line 174, in __call__
    await self.app(scope, receive, send)
  File "D:\桌面\门店数据诊断\.venv\Lib\site-packages\starlette\middleware\sessions.py", line 88, in __call__
    await self.app(scope, receive, send_wrapper)
  File "D:\桌面\门店数据诊断\.venv\Lib\site-packages\streamlit\web\server\starlette\starlette_gzip_middleware.py", line 144, in __call__
    await super().__call__(scope, receive, send)
  File "D:\桌面\门店数据诊断\.venv\Lib\site-packages\streamlit\web\server\starlette\starlette_gzip_middleware.py", line 131, in __call__
    await responder(scope, receive, send)
  File "D:\桌面\门店数据诊断\.venv\Lib\site-packages\starlette\middleware\gzip.py", line 130, in __call__
    await super().__call__(scope, receive, send)
  File "D:\桌面\门店数据诊断\.venv\Lib\site-packages\starlette\middleware\gzip.py", line 46, in __call__
    await self.app(scope, receive, self.send_with_compression)
  File "D:\桌面\门店数据诊断\.venv\Lib\site-packages\starlette\middleware\exceptions.py", line 63, in __call__
    await wrap_app_handling_exceptions(self.app, conn)(scope, receive, send)
  File "D:\桌面\门店数据诊断\.venv\Lib\site-packages\starlette\_exception_handler.py", line 53, in wrapped_app
    raise exc
  File "D:\桌面\门店数据诊断\.venv\Lib\site-packages\starlette\_exception_handler.py", line 42, in wrapped_app
    await app(scope, receive, sender)
  File "D:\桌面\门店数据诊断\.venv\Lib\site-packages\starlette\routing.py", line 660, in __call__
    await self.middleware_stack(scope, receive, send)
  File "D:\桌面\门店数据诊断\.venv\Lib\site-packages\starlette\routing.py", line 680, in app
    await route.handle(scope, receive, send)
  File "D:\桌面\门店数据诊断\.venv\Lib\site-packages\starlette\routing.py", line 448, in handle
    await self.app(scope, receive, send)
  File "D:\桌面\门店数据诊断\.venv\Lib\site-packages\streamlit\web\server\starlette\starlette_static_routes.py", line 125, in __call__
    await super().__call__(scope, receive, send)
  File "D:\桌面\门店数据诊断\.venv\Lib\site-packages\starlette\staticfiles.py", line 98, in __call__
    response = await self.get_response(path, scope)
               ^^^^^^^^^^^^^^^^^^^^^^^^^^^^^^^^^^^^
  File "D:\桌面\门店数据诊断\.venv\Lib\site-packages\streamlit\web\server\starlette\starlette_static_routes.py", line 132, in get_response
    response = await super().get_response(path, scope)
               ^^^^^^^^^^^^^^^^^^^^^^^^^^^^^^^^^^^^^^^
  File "D:\桌面\门店数据诊断\.venv\Lib\site-packages\starlette\staticfiles.py", line 125, in get_response
    raise exc
  File "D:\桌面\门店数据诊断\.venv\Lib\site-packages\starlette\staticfiles.py", line 117, in get_response
    full_path, stat_result = await anyio.to_thread.run_sync(self.lookup_path, path)
                             ^^^^^^^^^^^^^^^^^^^^^^^^^^^^^^^^^^^^^^^^^^^^^^^^^^^^^^
  File "D:\桌面\门店数据诊断\.venv\Lib\site-packages\anyio\to_thread.py", line 63, in run_sync
    return await get_async_backend().run_sync_in_worker_thread(
           ^^^^^^^^^^^^^^^^^^^^^^^^^^^^^^^^^^^^^^^^^^^^^^^^^^^^
  File "D:\桌面\门店数据诊断\.venv\Lib\site-packages\anyio\_backends\_asyncio.py", line 2518, in run_sync_in_worker_thread
    return await future
           ^^^^^^^^^^^^
  File "D:\桌面\门店数据诊断\.venv\Lib\site-packages\anyio\_backends\_asyncio.py", line 1002, in run
    result = context.run(func, *args)
             ^^^^^^^^^^^^^^^^^^^^^^^^
  File "D:\桌面\门店数据诊断\.venv\Lib\site-packages\starlette\staticfiles.py", line 170, in lookup_path
    return full_path, os.stat(full_path)
                      ^^^^^^^^^^^^^^^^^^
OSError: [WinError 123] 文件名、目录名或卷标语法不正确。: 'D:\\桌面\\门店数据诊断\\.venv\\Lib\\site-packages\\streamlit\\static\\:stethoscope:'
Exception in ASGI application
Traceback (most recent call last):
  File "D:\桌面\门店数据诊断\.venv\Lib\site-packages\uvicorn\protocols\http\httptools_impl.py", line 421, in run_asgi
    result = await app(  # type: ignore[func-returns-value]
             ^^^^^^^^^^^^^^^^^^^^^^^^^^^^^^^^^^^^^^^^^^^^^^
  File "D:\桌面\门店数据诊断\.venv\Lib\site-packages\uvicorn\middleware\proxy_headers.py", line 62, in __call__
    return await self.app(scope, receive, send)
           ^^^^^^^^^^^^^^^^^^^^^^^^^^^^^^^^^^^^
  File "D:\桌面\门店数据诊断\.venv\Lib\site-packages\starlette\applications.py", line 90, in __call__
    await self.middleware_stack(scope, receive, send)
  File "D:\桌面\门店数据诊断\.venv\Lib\site-packages\starlette\middleware\errors.py", line 186, in __call__
    raise exc
  File "D:\桌面\门店数据诊断\.venv\Lib\site-packages\starlette\middleware\errors.py", line 164, in __call__
    await self.app(scope, receive, _send)
  File "D:\桌面\门店数据诊断\.venv\Lib\site-packages\streamlit\web\server\starlette\starlette_path_security_middleware.py", line 174, in __call__
    await self.app(scope, receive, send)
  File "D:\桌面\门店数据诊断\.venv\Lib\site-packages\starlette\middleware\sessions.py", line 88, in __call__
    await self.app(scope, receive, send_wrapper)
  File "D:\桌面\门店数据诊断\.venv\Lib\site-packages\streamlit\web\server\starlette\starlette_gzip_middleware.py", line 144, in __call__
    await super().__call__(scope, receive, send)
  File "D:\桌面\门店数据诊断\.venv\Lib\site-packages\streamlit\web\server\starlette\starlette_gzip_middleware.py", line 131, in __call__
    await responder(scope, receive, send)
  File "D:\桌面\门店数据诊断\.venv\Lib\site-packages\starlette\middleware\gzip.py", line 130, in __call__
    await super().__call__(scope, receive, send)
  File "D:\桌面\门店数据诊断\.venv\Lib\site-packages\starlette\middleware\gzip.py", line 46, in __call__
    await self.app(scope, receive, self.send_with_compression)
  File "D:\桌面\门店数据诊断\.venv\Lib\site-packages\starlette\middleware\exceptions.py", line 63, in __call__
    await wrap_app_handling_exceptions(self.app, conn)(scope, receive, send)
  File "D:\桌面\门店数据诊断\.venv\Lib\site-packages\starlette\_exception_handler.py", line 53, in wrapped_app
    raise exc
  File "D:\桌面\门店数据诊断\.venv\Lib\site-packages\starlette\_exception_handler.py", line 42, in wrapped_app
    await app(scope, receive, sender)
  File "D:\桌面\门店数据诊断\.venv\Lib\site-packages\starlette\routing.py", line 660, in __call__
    await self.middleware_stack(scope, receive, send)
  File "D:\桌面\门店数据诊断\.venv\Lib\site-packages\starlette\routing.py", line 680, in app
    await route.handle(scope, receive, send)
  File "D:\桌面\门店数据诊断\.venv\Lib\site-packages\starlette\routing.py", line 448, in handle
    await self.app(scope, receive, send)
  File "D:\桌面\门店数据诊断\.venv\Lib\site-packages\streamlit\web\server\starlette\starlette_static_routes.py", line 125, in __call__
    await super().__call__(scope, receive, send)
  File "D:\桌面\门店数据诊断\.venv\Lib\site-packages\starlette\staticfiles.py", line 98, in __call__
    response = await self.get_response(path, scope)
               ^^^^^^^^^^^^^^^^^^^^^^^^^^^^^^^^^^^^
  File "D:\桌面\门店数据诊断\.venv\Lib\site-packages\streamlit\web\server\starlette\starlette_static_routes.py", line 132, in get_response
    response = await super().get_response(path, scope)
               ^^^^^^^^^^^^^^^^^^^^^^^^^^^^^^^^^^^^^^^
  File "D:\桌面\门店数据诊断\.venv\Lib\site-packages\starlette\staticfiles.py", line 125, in get_response
    raise exc
  File "D:\桌面\门店数据诊断\.venv\Lib\site-packages\starlette\staticfiles.py", line 117, in get_response
    full_path, stat_result = await anyio.to_thread.run_sync(self.lookup_path, path)
                             ^^^^^^^^^^^^^^^^^^^^^^^^^^^^^^^^^^^^^^^^^^^^^^^^^^^^^^
  File "D:\桌面\门店数据诊断\.venv\Lib\site-packages\anyio\to_thread.py", line 63, in run_sync
    return await get_async_backend().run_sync_in_worker_thread(
           ^^^^^^^^^^^^^^^^^^^^^^^^^^^^^^^^^^^^^^^^^^^^^^^^^^^^
  File "D:\桌面\门店数据诊断\.venv\Lib\site-packages\anyio\_backends\_asyncio.py", line 2518, in run_sync_in_worker_thread
    return await future
           ^^^^^^^^^^^^
  File "D:\桌面\门店数据诊断\.venv\Lib\site-packages\anyio\_backends\_asyncio.py", line 1002, in run
    result = context.run(func, *args)
             ^^^^^^^^^^^^^^^^^^^^^^^^
  File "D:\桌面\门店数据诊断\.venv\Lib\site-packages\starlette\staticfiles.py", line 170, in lookup_path
    return full_path, os.stat(full_path)
                      ^^^^^^^^^^^^^^^^^^
OSError: [WinError 123] 文件名、目录名或卷标语法不正确。: 'D:\\桌面\\门店数据诊断\\.venv\\Lib\\site-packages\\streamlit\\static\\:stethoscope:'
Exception in ASGI application
Traceback (most recent call last):
  File "D:\桌面\门店数据诊断\.venv\Lib\site-packages\uvicorn\protocols\http\httptools_impl.py", line 421, in run_asgi
    result = await app(  # type: ignore[func-returns-value]
             ^^^^^^^^^^^^^^^^^^^^^^^^^^^^^^^^^^^^^^^^^^^^^^
  File "D:\桌面\门店数据诊断\.venv\Lib\site-packages\uvicorn\middleware\proxy_headers.py", line 62, in __call__
    return await self.app(scope, receive, send)
           ^^^^^^^^^^^^^^^^^^^^^^^^^^^^^^^^^^^^
  File "D:\桌面\门店数据诊断\.venv\Lib\site-packages\starlette\applications.py", line 90, in __call__
    await self.middleware_stack(scope, receive, send)
  File "D:\桌面\门店数据诊断\.venv\Lib\site-packages\starlette\middleware\errors.py", line 186, in __call__
    raise exc
  File "D:\桌面\门店数据诊断\.venv\Lib\site-packages\starlette\middleware\errors.py", line 164, in __call__
    await self.app(scope, receive, _send)
  File "D:\桌面\门店数据诊断\.venv\Lib\site-packages\streamlit\web\server\starlette\starlette_path_security_middleware.py", line 174, in __call__
    await self.app(scope, receive, send)
  File "D:\桌面\门店数据诊断\.venv\Lib\site-packages\starlette\middleware\sessions.py", line 88, in __call__
    await self.app(scope, receive, send_wrapper)
  File "D:\桌面\门店数据诊断\.venv\Lib\site-packages\streamlit\web\server\starlette\starlette_gzip_middleware.py", line 144, in __call__
    await super().__call__(scope, receive, send)
  File "D:\桌面\门店数据诊断\.venv\Lib\site-packages\streamlit\web\server\starlette\starlette_gzip_middleware.py", line 131, in __call__
    await responder(scope, receive, send)
  File "D:\桌面\门店数据诊断\.venv\Lib\site-packages\starlette\middleware\gzip.py", line 130, in __call__
    await super().__call__(scope, receive, send)
  File "D:\桌面\门店数据诊断\.venv\Lib\site-packages\starlette\middleware\gzip.py", line 46, in __call__
    await self.app(scope, receive, self.send_with_compression)
  File "D:\桌面\门店数据诊断\.venv\Lib\site-packages\starlette\middleware\exceptions.py", line 63, in __call__
    await wrap_app_handling_exceptions(self.app, conn)(scope, receive, send)
  File "D:\桌面\门店数据诊断\.venv\Lib\site-packages\starlette\_exception_handler.py", line 53, in wrapped_app
    raise exc
  File "D:\桌面\门店数据诊断\.venv\Lib\site-packages\starlette\_exception_handler.py", line 42, in wrapped_app
    await app(scope, receive, sender)
  File "D:\桌面\门店数据诊断\.venv\Lib\site-packages\starlette\routing.py", line 660, in __call__
    await self.middleware_stack(scope, receive, send)
  File "D:\桌面\门店数据诊断\.venv\Lib\site-packages\starlette\routing.py", line 680, in app
    await route.handle(scope, receive, send)
  File "D:\桌面\门店数据诊断\.venv\Lib\site-packages\starlette\routing.py", line 448, in handle
    await self.app(scope, receive, send)
  File "D:\桌面\门店数据诊断\.venv\Lib\site-packages\streamlit\web\server\starlette\starlette_static_routes.py", line 125, in __call__
    await super().__call__(scope, receive, send)
  File "D:\桌面\门店数据诊断\.venv\Lib\site-packages\starlette\staticfiles.py", line 98, in __call__
    response = await self.get_response(path, scope)
               ^^^^^^^^^^^^^^^^^^^^^^^^^^^^^^^^^^^^
  File "D:\桌面\门店数据诊断\.venv\Lib\site-packages\streamlit\web\server\starlette\starlette_static_routes.py", line 132, in get_response
    response = await super().get_response(path, scope)
               ^^^^^^^^^^^^^^^^^^^^^^^^^^^^^^^^^^^^^^^
  File "D:\桌面\门店数据诊断\.venv\Lib\site-packages\starlette\staticfiles.py", line 125, in get_response
    raise exc
  File "D:\桌面\门店数据诊断\.venv\Lib\site-packages\starlette\staticfiles.py", line 117, in get_response
    full_path, stat_result = await anyio.to_thread.run_sync(self.lookup_path, path)
                             ^^^^^^^^^^^^^^^^^^^^^^^^^^^^^^^^^^^^^^^^^^^^^^^^^^^^^^
  File "D:\桌面\门店数据诊断\.venv\Lib\site-packages\anyio\to_thread.py", line 63, in run_sync
    return await get_async_backend().run_sync_in_worker_thread(
           ^^^^^^^^^^^^^^^^^^^^^^^^^^^^^^^^^^^^^^^^^^^^^^^^^^^^
  File "D:\桌面\门店数据诊断\.venv\Lib\site-packages\anyio\_backends\_asyncio.py", line 2518, in run_sync_in_worker_thread
    return await future
           ^^^^^^^^^^^^
  File "D:\桌面\门店数据诊断\.venv\Lib\site-packages\anyio\_backends\_asyncio.py", line 1002, in run
    result = context.run(func, *args)
             ^^^^^^^^^^^^^^^^^^^^^^^^
  File "D:\桌面\门店数据诊断\.venv\Lib\site-packages\starlette\staticfiles.py", line 170, in lookup_path
    return full_path, os.stat(full_path)
                      ^^^^^^^^^^^^^^^^^^
OSError: [WinError 123] 文件名、目录名或卷标语法不正确。: 'D:\\桌面\\门店数据诊断\\.venv\\Lib\\site-packages\\streamlit\\static\\:stethoscope:'
Exception in ASGI application
Traceback (most recent call last):
  File "D:\桌面\门店数据诊断\.venv\Lib\site-packages\uvicorn\protocols\http\httptools_impl.py", line 421, in run_asgi
    result = await app(  # type: ignore[func-returns-value]
             ^^^^^^^^^^^^^^^^^^^^^^^^^^^^^^^^^^^^^^^^^^^^^^
  File "D:\桌面\门店数据诊断\.venv\Lib\site-packages\uvicorn\middleware\proxy_headers.py", line 62, in __call__
    return await self.app(scope, receive, send)
           ^^^^^^^^^^^^^^^^^^^^^^^^^^^^^^^^^^^^
  File "D:\桌面\门店数据诊断\.venv\Lib\site-packages\starlette\applications.py", line 90, in __call__
    await self.middleware_stack(scope, receive, send)
  File "D:\桌面\门店数据诊断\.venv\Lib\site-packages\starlette\middleware\errors.py", line 186, in __call__
    raise exc
  File "D:\桌面\门店数据诊断\.venv\Lib\site-packages\starlette\middleware\errors.py", line 164, in __call__
    await self.app(scope, receive, _send)
  File "D:\桌面\门店数据诊断\.venv\Lib\site-packages\streamlit\web\server\starlette\starlette_path_security_middleware.py", line 174, in __call__
    await self.app(scope, receive, send)
  File "D:\桌面\门店数据诊断\.venv\Lib\site-packages\starlette\middleware\sessions.py", line 88, in __call__
    await self.app(scope, receive, send_wrapper)
  File "D:\桌面\门店数据诊断\.venv\Lib\site-packages\streamlit\web\server\starlette\starlette_gzip_middleware.py", line 144, in __call__
    await super().__call__(scope, receive, send)
  File "D:\桌面\门店数据诊断\.venv\Lib\site-packages\streamlit\web\server\starlette\starlette_gzip_middleware.py", line 131, in __call__
    await responder(scope, receive, send)
  File "D:\桌面\门店数据诊断\.venv\Lib\site-packages\starlette\middleware\gzip.py", line 130, in __call__
    await super().__call__(scope, receive, send)
  File "D:\桌面\门店数据诊断\.venv\Lib\site-packages\starlette\middleware\gzip.py", line 46, in __call__
    await self.app(scope, receive, self.send_with_compression)
  File "D:\桌面\门店数据诊断\.venv\Lib\site-packages\starlette\middleware\exceptions.py", line 63, in __call__
    await wrap_app_handling_exceptions(self.app, conn)(scope, receive, send)
  File "D:\桌面\门店数据诊断\.venv\Lib\site-packages\starlette\_exception_handler.py", line 53, in wrapped_app
    raise exc
  File "D:\桌面\门店数据诊断\.venv\Lib\site-packages\starlette\_exception_handler.py", line 42, in wrapped_app
    await app(scope, receive, sender)
  File "D:\桌面\门店数据诊断\.venv\Lib\site-packages\starlette\routing.py", line 660, in __call__
    await self.middleware_stack(scope, receive, send)
  File "D:\桌面\门店数据诊断\.venv\Lib\site-packages\starlette\routing.py", line 680, in app
    await route.handle(scope, receive, send)
  File "D:\桌面\门店数据诊断\.venv\Lib\site-packages\starlette\routing.py", line 448, in handle
    await self.app(scope, receive, send)
  File "D:\桌面\门店数据诊断\.venv\Lib\site-packages\streamlit\web\server\starlette\starlette_static_routes.py", line 125, in __call__
    await super().__call__(scope, receive, send)
  File "D:\桌面\门店数据诊断\.venv\Lib\site-packages\starlette\staticfiles.py", line 98, in __call__
    response = await self.get_response(path, scope)
               ^^^^^^^^^^^^^^^^^^^^^^^^^^^^^^^^^^^^
  File "D:\桌面\门店数据诊断\.venv\Lib\site-packages\streamlit\web\server\starlette\starlette_static_routes.py", line 132, in get_response
    response = await super().get_response(path, scope)
               ^^^^^^^^^^^^^^^^^^^^^^^^^^^^^^^^^^^^^^^
  File "D:\桌面\门店数据诊断\.venv\Lib\site-packages\starlette\staticfiles.py", line 125, in get_response
    raise exc
  File "D:\桌面\门店数据诊断\.venv\Lib\site-packages\starlette\staticfiles.py", line 117, in get_response
    full_path, stat_result = await anyio.to_thread.run_sync(self.lookup_path, path)
                             ^^^^^^^^^^^^^^^^^^^^^^^^^^^^^^^^^^^^^^^^^^^^^^^^^^^^^^
  File "D:\桌面\门店数据诊断\.venv\Lib\site-packages\anyio\to_thread.py", line 63, in run_sync
    return await get_async_backend().run_sync_in_worker_thread(
           ^^^^^^^^^^^^^^^^^^^^^^^^^^^^^^^^^^^^^^^^^^^^^^^^^^^^
  File "D:\桌面\门店数据诊断\.venv\Lib\site-packages\anyio\_backends\_asyncio.py", line 2518, in run_sync_in_worker_thread
    return await future
           ^^^^^^^^^^^^
  File "D:\桌面\门店数据诊断\.venv\Lib\site-packages\anyio\_backends\_asyncio.py", line 1002, in run
    result = context.run(func, *args)
             ^^^^^^^^^^^^^^^^^^^^^^^^
  File "D:\桌面\门店数据诊断\.venv\Lib\site-packages\starlette\staticfiles.py", line 170, in lookup_path
    return full_path, os.stat(full_path)
                      ^^^^^^^^^^^^^^^^^^
OSError: [WinError 123] 文件名、目录名或卷标语法不正确。: 'D:\\桌面\\门店数据诊断\\.venv\\Lib\\site-packages\\streamlit\\static\\:stethoscope:'
Exception in ASGI application
Traceback (most recent call last):
  File "D:\桌面\门店数据诊断\.venv\Lib\site-packages\uvicorn\protocols\http\httptools_impl.py", line 421, in run_asgi
    result = await app(  # type: ignore[func-returns-value]
             ^^^^^^^^^^^^^^^^^^^^^^^^^^^^^^^^^^^^^^^^^^^^^^
  File "D:\桌面\门店数据诊断\.venv\Lib\site-packages\uvicorn\middleware\proxy_headers.py", line 62, in __call__
    return await self.app(scope, receive, send)
           ^^^^^^^^^^^^^^^^^^^^^^^^^^^^^^^^^^^^
  File "D:\桌面\门店数据诊断\.venv\Lib\site-packages\starlette\applications.py", line 90, in __call__
    await self.middleware_stack(scope, receive, send)
  File "D:\桌面\门店数据诊断\.venv\Lib\site-packages\starlette\middleware\errors.py", line 186, in __call__
    raise exc
  File "D:\桌面\门店数据诊断\.venv\Lib\site-packages\starlette\middleware\errors.py", line 164, in __call__
    await self.app(scope, receive, _send)
  File "D:\桌面\门店数据诊断\.venv\Lib\site-packages\streamlit\web\server\starlette\starlette_path_security_middleware.py", line 174, in __call__
    await self.app(scope, receive, send)
  File "D:\桌面\门店数据诊断\.venv\Lib\site-packages\starlette\middleware\sessions.py", line 88, in __call__
    await self.app(scope, receive, send_wrapper)
  File "D:\桌面\门店数据诊断\.venv\Lib\site-packages\streamlit\web\server\starlette\starlette_gzip_middleware.py", line 144, in __call__
    await super().__call__(scope, receive, send)
  File "D:\桌面\门店数据诊断\.venv\Lib\site-packages\streamlit\web\server\starlette\starlette_gzip_middleware.py", line 131, in __call__
    await responder(scope, receive, send)
  File "D:\桌面\门店数据诊断\.venv\Lib\site-packages\starlette\middleware\gzip.py", line 130, in __call__
    await super().__call__(scope, receive, send)
  File "D:\桌面\门店数据诊断\.venv\Lib\site-packages\starlette\middleware\gzip.py", line 46, in __call__
    await self.app(scope, receive, self.send_with_compression)
  File "D:\桌面\门店数据诊断\.venv\Lib\site-packages\starlette\middleware\exceptions.py", line 63, in __call__
    await wrap_app_handling_exceptions(self.app, conn)(scope, receive, send)
  File "D:\桌面\门店数据诊断\.venv\Lib\site-packages\starlette\_exception_handler.py", line 53, in wrapped_app
    raise exc
  File "D:\桌面\门店数据诊断\.venv\Lib\site-packages\starlette\_exception_handler.py", line 42, in wrapped_app
    await app(scope, receive, sender)
  File "D:\桌面\门店数据诊断\.venv\Lib\site-packages\starlette\routing.py", line 660, in __call__
    await self.middleware_stack(scope, receive, send)
  File "D:\桌面\门店数据诊断\.venv\Lib\site-packages\starlette\routing.py", line 680, in app
    await route.handle(scope, receive, send)
  File "D:\桌面\门店数据诊断\.venv\Lib\site-packages\starlette\routing.py", line 448, in handle
    await self.app(scope, receive, send)
  File "D:\桌面\门店数据诊断\.venv\Lib\site-packages\streamlit\web\server\starlette\starlette_static_routes.py", line 125, in __call__
    await super().__call__(scope, receive, send)
  File "D:\桌面\门店数据诊断\.venv\Lib\site-packages\starlette\staticfiles.py", line 98, in __call__
    response = await self.get_response(path, scope)
               ^^^^^^^^^^^^^^^^^^^^^^^^^^^^^^^^^^^^
  File "D:\桌面\门店数据诊断\.venv\Lib\site-packages\streamlit\web\server\starlette\starlette_static_routes.py", line 132, in get_response
    response = await super().get_response(path, scope)
               ^^^^^^^^^^^^^^^^^^^^^^^^^^^^^^^^^^^^^^^
  File "D:\桌面\门店数据诊断\.venv\Lib\site-packages\starlette\staticfiles.py", line 125, in get_response
    raise exc
  File "D:\桌面\门店数据诊断\.venv\Lib\site-packages\starlette\staticfiles.py", line 117, in get_response
    full_path, stat_result = await anyio.to_thread.run_sync(self.lookup_path, path)
                             ^^^^^^^^^^^^^^^^^^^^^^^^^^^^^^^^^^^^^^^^^^^^^^^^^^^^^^
  File "D:\桌面\门店数据诊断\.venv\Lib\site-packages\anyio\to_thread.py", line 63, in run_sync
    return await get_async_backend().run_sync_in_worker_thread(
           ^^^^^^^^^^^^^^^^^^^^^^^^^^^^^^^^^^^^^^^^^^^^^^^^^^^^
  File "D:\桌面\门店数据诊断\.venv\Lib\site-packages\anyio\_backends\_asyncio.py", line 2518, in run_sync_in_worker_thread
    return await future
           ^^^^^^^^^^^^
  File "D:\桌面\门店数据诊断\.venv\Lib\site-packages\anyio\_backends\_asyncio.py", line 1002, in run
    result = context.run(func, *args)
             ^^^^^^^^^^^^^^^^^^^^^^^^
  File "D:\桌面\门店数据诊断\.venv\Lib\site-packages\starlette\staticfiles.py", line 170, in lookup_path
    return full_path, os.stat(full_path)
                      ^^^^^^^^^^^^^^^^^^
OSError: [WinError 123] 文件名、目录名或卷标语法不正确。: 'D:\\桌面\\门店数据诊断\\.venv\\Lib\\site-packages\\streamlit\\static\\:stethoscope:'
Exception in ASGI application
Traceback (most recent call last):
  File "D:\桌面\门店数据诊断\.venv\Lib\site-packages\uvicorn\protocols\http\httptools_impl.py", line 421, in run_asgi
    result = await app(  # type: ignore[func-returns-value]
             ^^^^^^^^^^^^^^^^^^^^^^^^^^^^^^^^^^^^^^^^^^^^^^
  File "D:\桌面\门店数据诊断\.venv\Lib\site-packages\uvicorn\middleware\proxy_headers.py", line 62, in __call__
    return await self.app(scope, receive, send)
           ^^^^^^^^^^^^^^^^^^^^^^^^^^^^^^^^^^^^
  File "D:\桌面\门店数据诊断\.venv\Lib\site-packages\starlette\applications.py", line 90, in __call__
    await self.middleware_stack(scope, receive, send)
  File "D:\桌面\门店数据诊断\.venv\Lib\site-packages\starlette\middleware\errors.py", line 186, in __call__
    raise exc
  File "D:\桌面\门店数据诊断\.venv\Lib\site-packages\starlette\middleware\errors.py", line 164, in __call__
    await self.app(scope, receive, _send)
  File "D:\桌面\门店数据诊断\.venv\Lib\site-packages\streamlit\web\server\starlette\starlette_path_security_middleware.py", line 174, in __call__
    await self.app(scope, receive, send)
  File "D:\桌面\门店数据诊断\.venv\Lib\site-packages\starlette\middleware\sessions.py", line 88, in __call__
    await self.app(scope, receive, send_wrapper)
  File "D:\桌面\门店数据诊断\.venv\Lib\site-packages\streamlit\web\server\starlette\starlette_gzip_middleware.py", line 144, in __call__
    await super().__call__(scope, receive, send)
  File "D:\桌面\门店数据诊断\.venv\Lib\site-packages\streamlit\web\server\starlette\starlette_gzip_middleware.py", line 131, in __call__
    await responder(scope, receive, send)
  File "D:\桌面\门店数据诊断\.venv\Lib\site-packages\starlette\middleware\gzip.py", line 130, in __call__
    await super().__call__(scope, receive, send)
  File "D:\桌面\门店数据诊断\.venv\Lib\site-packages\starlette\middleware\gzip.py", line 46, in __call__
    await self.app(scope, receive, self.send_with_compression)
  File "D:\桌面\门店数据诊断\.venv\Lib\site-packages\starlette\middleware\exceptions.py", line 63, in __call__
    await wrap_app_handling_exceptions(self.app, conn)(scope, receive, send)
  File "D:\桌面\门店数据诊断\.venv\Lib\site-packages\starlette\_exception_handler.py", line 53, in wrapped_app
    raise exc
  File "D:\桌面\门店数据诊断\.venv\Lib\site-packages\starlette\_exception_handler.py", line 42, in wrapped_app
    await app(scope, receive, sender)
  File "D:\桌面\门店数据诊断\.venv\Lib\site-packages\starlette\routing.py", line 660, in __call__
    await self.middleware_stack(scope, receive, send)
  File "D:\桌面\门店数据诊断\.venv\Lib\site-packages\starlette\routing.py", line 680, in app
    await route.handle(scope, receive, send)
  File "D:\桌面\门店数据诊断\.venv\Lib\site-packages\starlette\routing.py", line 448, in handle
    await self.app(scope, receive, send)
  File "D:\桌面\门店数据诊断\.venv\Lib\site-packages\streamlit\web\server\starlette\starlette_static_routes.py", line 125, in __call__
    await super().__call__(scope, receive, send)
  File "D:\桌面\门店数据诊断\.venv\Lib\site-packages\starlette\staticfiles.py", line 98, in __call__
    response = await self.get_response(path, scope)
               ^^^^^^^^^^^^^^^^^^^^^^^^^^^^^^^^^^^^
  File "D:\桌面\门店数据诊断\.venv\Lib\site-packages\streamlit\web\server\starlette\starlette_static_routes.py", line 132, in get_response
    response = await super().get_response(path, scope)
               ^^^^^^^^^^^^^^^^^^^^^^^^^^^^^^^^^^^^^^^
  File "D:\桌面\门店数据诊断\.venv\Lib\site-packages\starlette\staticfiles.py", line 125, in get_response
    raise exc
  File "D:\桌面\门店数据诊断\.venv\Lib\site-packages\starlette\staticfiles.py", line 117, in get_response
    full_path, stat_result = await anyio.to_thread.run_sync(self.lookup_path, path)
                             ^^^^^^^^^^^^^^^^^^^^^^^^^^^^^^^^^^^^^^^^^^^^^^^^^^^^^^
  File "D:\桌面\门店数据诊断\.venv\Lib\site-packages\anyio\to_thread.py", line 63, in run_sync
    return await get_async_backend().run_sync_in_worker_thread(
           ^^^^^^^^^^^^^^^^^^^^^^^^^^^^^^^^^^^^^^^^^^^^^^^^^^^^
  File "D:\桌面\门店数据诊断\.venv\Lib\site-packages\anyio\_backends\_asyncio.py", line 2518, in run_sync_in_worker_thread
    return await future
           ^^^^^^^^^^^^
  File "D:\桌面\门店数据诊断\.venv\Lib\site-packages\anyio\_backends\_asyncio.py", line 1002, in run
    result = context.run(func, *args)
             ^^^^^^^^^^^^^^^^^^^^^^^^
  File "D:\桌面\门店数据诊断\.venv\Lib\site-packages\starlette\staticfiles.py", line 170, in lookup_path
    return full_path, os.stat(full_path)
                      ^^^^^^^^^^^^^^^^^^
OSError: [WinError 123] 文件名、目录名或卷标语法不正确。: 'D:\\桌面\\门店数据诊断\\.venv\\Lib\\site-packages\\streamlit\\static\\:stethoscope:'
Exception in ASGI application
Traceback (most recent call last):
  File "D:\桌面\门店数据诊断\.venv\Lib\site-packages\uvicorn\protocols\http\httptools_impl.py", line 421, in run_asgi
    result = await app(  # type: ignore[func-returns-value]
             ^^^^^^^^^^^^^^^^^^^^^^^^^^^^^^^^^^^^^^^^^^^^^^
  File "D:\桌面\门店数据诊断\.venv\Lib\site-packages\uvicorn\middleware\proxy_headers.py", line 62, in __call__
    return await self.app(scope, receive, send)
           ^^^^^^^^^^^^^^^^^^^^^^^^^^^^^^^^^^^^
  File "D:\桌面\门店数据诊断\.venv\Lib\site-packages\starlette\applications.py", line 90, in __call__
    await self.middleware_stack(scope, receive, send)
  File "D:\桌面\门店数据诊断\.venv\Lib\site-packages\starlette\middleware\errors.py", line 186, in __call__
    raise exc
  File "D:\桌面\门店数据诊断\.venv\Lib\site-packages\starlette\middleware\errors.py", line 164, in __call__
    await self.app(scope, receive, _send)
  File "D:\桌面\门店数据诊断\.venv\Lib\site-packages\streamlit\web\server\starlette\starlette_path_security_middleware.py", line 174, in __call__
    await self.app(scope, receive, send)
  File "D:\桌面\门店数据诊断\.venv\Lib\site-packages\starlette\middleware\sessions.py", line 88, in __call__
    await self.app(scope, receive, send_wrapper)
  File "D:\桌面\门店数据诊断\.venv\Lib\site-packages\streamlit\web\server\starlette\starlette_gzip_middleware.py", line 144, in __call__
    await super().__call__(scope, receive, send)
  File "D:\桌面\门店数据诊断\.venv\Lib\site-packages\streamlit\web\server\starlette\starlette_gzip_middleware.py", line 131, in __call__
    await responder(scope, receive, send)
  File "D:\桌面\门店数据诊断\.venv\Lib\site-packages\starlette\middleware\gzip.py", line 130, in __call__
    await super().__call__(scope, receive, send)
  File "D:\桌面\门店数据诊断\.venv\Lib\site-packages\starlette\middleware\gzip.py", line 46, in __call__
    await self.app(scope, receive, self.send_with_compression)
  File "D:\桌面\门店数据诊断\.venv\Lib\site-packages\starlette\middleware\exceptions.py", line 63, in __call__
    await wrap_app_handling_exceptions(self.app, conn)(scope, receive, send)
  File "D:\桌面\门店数据诊断\.venv\Lib\site-packages\starlette\_exception_handler.py", line 53, in wrapped_app
    raise exc
  File "D:\桌面\门店数据诊断\.venv\Lib\site-packages\starlette\_exception_handler.py", line 42, in wrapped_app
    await app(scope, receive, sender)
  File "D:\桌面\门店数据诊断\.venv\Lib\site-packages\starlette\routing.py", line 660, in __call__
    await self.middleware_stack(scope, receive, send)
  File "D:\桌面\门店数据诊断\.venv\Lib\site-packages\starlette\routing.py", line 680, in app
    await route.handle(scope, receive, send)
  File "D:\桌面\门店数据诊断\.venv\Lib\site-packages\starlette\routing.py", line 448, in handle
    await self.app(scope, receive, send)
  File "D:\桌面\门店数据诊断\.venv\Lib\site-packages\streamlit\web\server\starlette\starlette_static_routes.py", line 125, in __call__
    await super().__call__(scope, receive, send)
  File "D:\桌面\门店数据诊断\.venv\Lib\site-packages\starlette\staticfiles.py", line 98, in __call__
    response = await self.get_response(path, scope)
               ^^^^^^^^^^^^^^^^^^^^^^^^^^^^^^^^^^^^
  File "D:\桌面\门店数据诊断\.venv\Lib\site-packages\streamlit\web\server\starlette\starlette_static_routes.py", line 132, in get_response
    response = await super().get_response(path, scope)
               ^^^^^^^^^^^^^^^^^^^^^^^^^^^^^^^^^^^^^^^
  File "D:\桌面\门店数据诊断\.venv\Lib\site-packages\starlette\staticfiles.py", line 125, in get_response
    raise exc
  File "D:\桌面\门店数据诊断\.venv\Lib\site-packages\starlette\staticfiles.py", line 117, in get_response
    full_path, stat_result = await anyio.to_thread.run_sync(self.lookup_path, path)
                             ^^^^^^^^^^^^^^^^^^^^^^^^^^^^^^^^^^^^^^^^^^^^^^^^^^^^^^
  File "D:\桌面\门店数据诊断\.venv\Lib\site-packages\anyio\to_thread.py", line 63, in run_sync
    return await get_async_backend().run_sync_in_worker_thread(
           ^^^^^^^^^^^^^^^^^^^^^^^^^^^^^^^^^^^^^^^^^^^^^^^^^^^^
  File "D:\桌面\门店数据诊断\.venv\Lib\site-packages\anyio\_backends\_asyncio.py", line 2518, in run_sync_in_worker_thread
    return await future
           ^^^^^^^^^^^^
  File "D:\桌面\门店数据诊断\.venv\Lib\site-packages\anyio\_backends\_asyncio.py", line 1002, in run
    result = context.run(func, *args)
             ^^^^^^^^^^^^^^^^^^^^^^^^
  File "D:\桌面\门店数据诊断\.venv\Lib\site-packages\starlette\staticfiles.py", line 170, in lookup_path
    return full_path, os.stat(full_path)
                      ^^^^^^^^^^^^^^^^^^
OSError: [WinError 123] 文件名、目录名或卷标语法不正确。: 'D:\\桌面\\门店数据诊断\\.venv\\Lib\\site-packages\\streamlit\\static\\:stethoscope:'
Exception in ASGI application
Traceback (most recent call last):
  File "D:\桌面\门店数据诊断\.venv\Lib\site-packages\uvicorn\protocols\http\httptools_impl.py", line 421, in run_asgi
    result = await app(  # type: ignore[func-returns-value]
             ^^^^^^^^^^^^^^^^^^^^^^^^^^^^^^^^^^^^^^^^^^^^^^
  File "D:\桌面\门店数据诊断\.venv\Lib\site-packages\uvicorn\middleware\proxy_headers.py", line 62, in __call__
    return await self.app(scope, receive, send)
           ^^^^^^^^^^^^^^^^^^^^^^^^^^^^^^^^^^^^
  File "D:\桌面\门店数据诊断\.venv\Lib\site-packages\starlette\applications.py", line 90, in __call__
    await self.middleware_stack(scope, receive, send)
  File "D:\桌面\门店数据诊断\.venv\Lib\site-packages\starlette\middleware\errors.py", line 186, in __call__
    raise exc
  File "D:\桌面\门店数据诊断\.venv\Lib\site-packages\starlette\middleware\errors.py", line 164, in __call__
    await self.app(scope, receive, _send)
  File "D:\桌面\门店数据诊断\.venv\Lib\site-packages\streamlit\web\server\starlette\starlette_path_security_middleware.py", line 174, in __call__
    await self.app(scope, receive, send)
  File "D:\桌面\门店数据诊断\.venv\Lib\site-packages\starlette\middleware\sessions.py", line 88, in __call__
    await self.app(scope, receive, send_wrapper)
  File "D:\桌面\门店数据诊断\.venv\Lib\site-packages\streamlit\web\server\starlette\starlette_gzip_middleware.py", line 144, in __call__
    await super().__call__(scope, receive, send)
  File "D:\桌面\门店数据诊断\.venv\Lib\site-packages\streamlit\web\server\starlette\starlette_gzip_middleware.py", line 131, in __call__
    await responder(scope, receive, send)
  File "D:\桌面\门店数据诊断\.venv\Lib\site-packages\starlette\middleware\gzip.py", line 130, in __call__
    await super().__call__(scope, receive, send)
  File "D:\桌面\门店数据诊断\.venv\Lib\site-packages\starlette\middleware\gzip.py", line 46, in __call__
    await self.app(scope, receive, self.send_with_compression)
  File "D:\桌面\门店数据诊断\.venv\Lib\site-packages\starlette\middleware\exceptions.py", line 63, in __call__
    await wrap_app_handling_exceptions(self.app, conn)(scope, receive, send)
  File "D:\桌面\门店数据诊断\.venv\Lib\site-packages\starlette\_exception_handler.py", line 53, in wrapped_app
    raise exc
  File "D:\桌面\门店数据诊断\.venv\Lib\site-packages\starlette\_exception_handler.py", line 42, in wrapped_app
    await app(scope, receive, sender)
  File "D:\桌面\门店数据诊断\.venv\Lib\site-packages\starlette\routing.py", line 660, in __call__
    await self.middleware_stack(scope, receive, send)
  File "D:\桌面\门店数据诊断\.venv\Lib\site-packages\starlette\routing.py", line 680, in app
    await route.handle(scope, receive, send)
  File "D:\桌面\门店数据诊断\.venv\Lib\site-packages\starlette\routing.py", line 448, in handle
    await self.app(scope, receive, send)
  File "D:\桌面\门店数据诊断\.venv\Lib\site-packages\streamlit\web\server\starlette\starlette_static_routes.py", line 125, in __call__
    await super().__call__(scope, receive, send)
  File "D:\桌面\门店数据诊断\.venv\Lib\site-packages\starlette\staticfiles.py", line 98, in __call__
    response = await self.get_response(path, scope)
               ^^^^^^^^^^^^^^^^^^^^^^^^^^^^^^^^^^^^
  File "D:\桌面\门店数据诊断\.venv\Lib\site-packages\streamlit\web\server\starlette\starlette_static_routes.py", line 132, in get_response
    response = await super().get_response(path, scope)
               ^^^^^^^^^^^^^^^^^^^^^^^^^^^^^^^^^^^^^^^
  File "D:\桌面\门店数据诊断\.venv\Lib\site-packages\starlette\staticfiles.py", line 125, in get_response
    raise exc
  File "D:\桌面\门店数据诊断\.venv\Lib\site-packages\starlette\staticfiles.py", line 117, in get_response
    full_path, stat_result = await anyio.to_thread.run_sync(self.lookup_path, path)
                             ^^^^^^^^^^^^^^^^^^^^^^^^^^^^^^^^^^^^^^^^^^^^^^^^^^^^^^
  File "D:\桌面\门店数据诊断\.venv\Lib\site-packages\anyio\to_thread.py", line 63, in run_sync
    return await get_async_backend().run_sync_in_worker_thread(
           ^^^^^^^^^^^^^^^^^^^^^^^^^^^^^^^^^^^^^^^^^^^^^^^^^^^^
  File "D:\桌面\门店数据诊断\.venv\Lib\site-packages\anyio\_backends\_asyncio.py", line 2518, in run_sync_in_worker_thread
    return await future
           ^^^^^^^^^^^^
  File "D:\桌面\门店数据诊断\.venv\Lib\site-packages\anyio\_backends\_asyncio.py", line 1002, in run
    result = context.run(func, *args)
             ^^^^^^^^^^^^^^^^^^^^^^^^
  File "D:\桌面\门店数据诊断\.venv\Lib\site-packages\starlette\staticfiles.py", line 170, in lookup_path
    return full_path, os.stat(full_path)
                      ^^^^^^^^^^^^^^^^^^
OSError: [WinError 123] 文件名、目录名或卷标语法不正确。: 'D:\\桌面\\门店数据诊断\\.venv\\Lib\\site-packages\\streamlit\\static\\:stethoscope:'
Exception in ASGI application
Traceback (most recent call last):
  File "D:\桌面\门店数据诊断\.venv\Lib\site-packages\uvicorn\protocols\http\httptools_impl.py", line 421, in run_asgi
    result = await app(  # type: ignore[func-returns-value]
             ^^^^^^^^^^^^^^^^^^^^^^^^^^^^^^^^^^^^^^^^^^^^^^
  File "D:\桌面\门店数据诊断\.venv\Lib\site-packages\uvicorn\middleware\proxy_headers.py", line 62, in __call__
    return await self.app(scope, receive, send)
           ^^^^^^^^^^^^^^^^^^^^^^^^^^^^^^^^^^^^
  File "D:\桌面\门店数据诊断\.venv\Lib\site-packages\starlette\applications.py", line 90, in __call__
    await self.middleware_stack(scope, receive, send)
  File "D:\桌面\门店数据诊断\.venv\Lib\site-packages\starlette\middleware\errors.py", line 186, in __call__
    raise exc
  File "D:\桌面\门店数据诊断\.venv\Lib\site-packages\starlette\middleware\errors.py", line 164, in __call__
    await self.app(scope, receive, _send)
  File "D:\桌面\门店数据诊断\.venv\Lib\site-packages\streamlit\web\server\starlette\starlette_path_security_middleware.py", line 174, in __call__
    await self.app(scope, receive, send)
  File "D:\桌面\门店数据诊断\.venv\Lib\site-packages\starlette\middleware\sessions.py", line 88, in __call__
    await self.app(scope, receive, send_wrapper)
  File "D:\桌面\门店数据诊断\.venv\Lib\site-packages\streamlit\web\server\starlette\starlette_gzip_middleware.py", line 144, in __call__
    await super().__call__(scope, receive, send)
  File "D:\桌面\门店数据诊断\.venv\Lib\site-packages\streamlit\web\server\starlette\starlette_gzip_middleware.py", line 131, in __call__
    await responder(scope, receive, send)
  File "D:\桌面\门店数据诊断\.venv\Lib\site-packages\starlette\middleware\gzip.py", line 130, in __call__
    await super().__call__(scope, receive, send)
  File "D:\桌面\门店数据诊断\.venv\Lib\site-packages\starlette\middleware\gzip.py", line 46, in __call__
    await self.app(scope, receive, self.send_with_compression)
  File "D:\桌面\门店数据诊断\.venv\Lib\site-packages\starlette\middleware\exceptions.py", line 63, in __call__
    await wrap_app_handling_exceptions(self.app, conn)(scope, receive, send)
  File "D:\桌面\门店数据诊断\.venv\Lib\site-packages\starlette\_exception_handler.py", line 53, in wrapped_app
    raise exc
  File "D:\桌面\门店数据诊断\.venv\Lib\site-packages\starlette\_exception_handler.py", line 42, in wrapped_app
    await app(scope, receive, sender)
  File "D:\桌面\门店数据诊断\.venv\Lib\site-packages\starlette\routing.py", line 660, in __call__
    await self.middleware_stack(scope, receive, send)
  File "D:\桌面\门店数据诊断\.venv\Lib\site-packages\starlette\routing.py", line 680, in app
    await route.handle(scope, receive, send)
  File "D:\桌面\门店数据诊断\.venv\Lib\site-packages\starlette\routing.py", line 448, in handle
    await self.app(scope, receive, send)
  File "D:\桌面\门店数据诊断\.venv\Lib\site-packages\streamlit\web\server\starlette\starlette_static_routes.py", line 125, in __call__
    await super().__call__(scope, receive, send)
  File "D:\桌面\门店数据诊断\.venv\Lib\site-packages\starlette\staticfiles.py", line 98, in __call__
    response = await self.get_response(path, scope)
               ^^^^^^^^^^^^^^^^^^^^^^^^^^^^^^^^^^^^
  File "D:\桌面\门店数据诊断\.venv\Lib\site-packages\streamlit\web\server\starlette\starlette_static_routes.py", line 132, in get_response
    response = await super().get_response(path, scope)
               ^^^^^^^^^^^^^^^^^^^^^^^^^^^^^^^^^^^^^^^
  File "D:\桌面\门店数据诊断\.venv\Lib\site-packages\starlette\staticfiles.py", line 125, in get_response
    raise exc
  File "D:\桌面\门店数据诊断\.venv\Lib\site-packages\starlette\staticfiles.py", line 117, in get_response
    full_path, stat_result = await anyio.to_thread.run_sync(self.lookup_path, path)
                             ^^^^^^^^^^^^^^^^^^^^^^^^^^^^^^^^^^^^^^^^^^^^^^^^^^^^^^
  File "D:\桌面\门店数据诊断\.venv\Lib\site-packages\anyio\to_thread.py", line 63, in run_sync
    return await get_async_backend().run_sync_in_worker_thread(
           ^^^^^^^^^^^^^^^^^^^^^^^^^^^^^^^^^^^^^^^^^^^^^^^^^^^^
  File "D:\桌面\门店数据诊断\.venv\Lib\site-packages\anyio\_backends\_asyncio.py", line 2518, in run_sync_in_worker_thread
    return await future
           ^^^^^^^^^^^^
  File "D:\桌面\门店数据诊断\.venv\Lib\site-packages\anyio\_backends\_asyncio.py", line 1002, in run
    result = context.run(func, *args)
             ^^^^^^^^^^^^^^^^^^^^^^^^
  File "D:\桌面\门店数据诊断\.venv\Lib\site-packages\starlette\staticfiles.py", line 170, in lookup_path
    return full_path, os.stat(full_path)
                      ^^^^^^^^^^^^^^^^^^
OSError: [WinError 123] 文件名、目录名或卷标语法不正确。: 'D:\\桌面\\门店数据诊断\\.venv\\Lib\\site-packages\\streamlit\\static\\:stethoscope:'
Exception in ASGI application
Traceback (most recent call last):
  File "D:\桌面\门店数据诊断\.venv\Lib\site-packages\uvicorn\protocols\http\httptools_impl.py", line 421, in run_asgi
    result = await app(  # type: ignore[func-returns-value]
             ^^^^^^^^^^^^^^^^^^^^^^^^^^^^^^^^^^^^^^^^^^^^^^
  File "D:\桌面\门店数据诊断\.venv\Lib\site-packages\uvicorn\middleware\proxy_headers.py", line 62, in __call__
    return await self.app(scope, receive, send)
           ^^^^^^^^^^^^^^^^^^^^^^^^^^^^^^^^^^^^
  File "D:\桌面\门店数据诊断\.venv\Lib\site-packages\starlette\applications.py", line 90, in __call__
    await self.middleware_stack(scope, receive, send)
  File "D:\桌面\门店数据诊断\.venv\Lib\site-packages\starlette\middleware\errors.py", line 186, in __call__
    raise exc
  File "D:\桌面\门店数据诊断\.venv\Lib\site-packages\starlette\middleware\errors.py", line 164, in __call__
    await self.app(scope, receive, _send)
  File "D:\桌面\门店数据诊断\.venv\Lib\site-packages\streamlit\web\server\starlette\starlette_path_security_middleware.py", line 174, in __call__
    await self.app(scope, receive, send)
  File "D:\桌面\门店数据诊断\.venv\Lib\site-packages\starlette\middleware\sessions.py", line 88, in __call__
    await self.app(scope, receive, send_wrapper)
  File "D:\桌面\门店数据诊断\.venv\Lib\site-packages\streamlit\web\server\starlette\starlette_gzip_middleware.py", line 144, in __call__
    await super().__call__(scope, receive, send)
  File "D:\桌面\门店数据诊断\.venv\Lib\site-packages\streamlit\web\server\starlette\starlette_gzip_middleware.py", line 131, in __call__
    await responder(scope, receive, send)
  File "D:\桌面\门店数据诊断\.venv\Lib\site-packages\starlette\middleware\gzip.py", line 130, in __call__
    await super().__call__(scope, receive, send)
  File "D:\桌面\门店数据诊断\.venv\Lib\site-packages\starlette\middleware\gzip.py", line 46, in __call__
    await self.app(scope, receive, self.send_with_compression)
  File "D:\桌面\门店数据诊断\.venv\Lib\site-packages\starlette\middleware\exceptions.py", line 63, in __call__
    await wrap_app_handling_exceptions(self.app, conn)(scope, receive, send)
  File "D:\桌面\门店数据诊断\.venv\Lib\site-packages\starlette\_exception_handler.py", line 53, in wrapped_app
    raise exc
  File "D:\桌面\门店数据诊断\.venv\Lib\site-packages\starlette\_exception_handler.py", line 42, in wrapped_app
    await app(scope, receive, sender)
  File "D:\桌面\门店数据诊断\.venv\Lib\site-packages\starlette\routing.py", line 660, in __call__
    await self.middleware_stack(scope, receive, send)
  File "D:\桌面\门店数据诊断\.venv\Lib\site-packages\starlette\routing.py", line 680, in app
    await route.handle(scope, receive, send)
  File "D:\桌面\门店数据诊断\.venv\Lib\site-packages\starlette\routing.py", line 448, in handle
    await self.app(scope, receive, send)
  File "D:\桌面\门店数据诊断\.venv\Lib\site-packages\streamlit\web\server\starlette\starlette_static_routes.py", line 125, in __call__
    await super().__call__(scope, receive, send)
  File "D:\桌面\门店数据诊断\.venv\Lib\site-packages\starlette\staticfiles.py", line 98, in __call__
    response = await self.get_response(path, scope)
               ^^^^^^^^^^^^^^^^^^^^^^^^^^^^^^^^^^^^
  File "D:\桌面\门店数据诊断\.venv\Lib\site-packages\streamlit\web\server\starlette\starlette_static_routes.py", line 132, in get_response
    response = await super().get_response(path, scope)
               ^^^^^^^^^^^^^^^^^^^^^^^^^^^^^^^^^^^^^^^
  File "D:\桌面\门店数据诊断\.venv\Lib\site-packages\starlette\staticfiles.py", line 125, in get_response
    raise exc
  File "D:\桌面\门店数据诊断\.venv\Lib\site-packages\starlette\staticfiles.py", line 117, in get_response
    full_path, stat_result = await anyio.to_thread.run_sync(self.lookup_path, path)
                             ^^^^^^^^^^^^^^^^^^^^^^^^^^^^^^^^^^^^^^^^^^^^^^^^^^^^^^
  File "D:\桌面\门店数据诊断\.venv\Lib\site-packages\anyio\to_thread.py", line 63, in run_sync
    return await get_async_backend().run_sync_in_worker_thread(
           ^^^^^^^^^^^^^^^^^^^^^^^^^^^^^^^^^^^^^^^^^^^^^^^^^^^^
  File "D:\桌面\门店数据诊断\.venv\Lib\site-packages\anyio\_backends\_asyncio.py", line 2518, in run_sync_in_worker_thread
    return await future
           ^^^^^^^^^^^^
  File "D:\桌面\门店数据诊断\.venv\Lib\site-packages\anyio\_backends\_asyncio.py", line 1002, in run
    result = context.run(func, *args)
             ^^^^^^^^^^^^^^^^^^^^^^^^
  File "D:\桌面\门店数据诊断\.venv\Lib\site-packages\starlette\staticfiles.py", line 170, in lookup_path
    return full_path, os.stat(full_path)
                      ^^^^^^^^^^^^^^^^^^
OSError: [WinError 123] 文件名、目录名或卷标语法不正确。: 'D:\\桌面\\门店数据诊断\\.venv\\Lib\\site-packages\\streamlit\\static\\:stethoscope:'
Exception in ASGI application
Traceback (most recent call last):
  File "D:\桌面\门店数据诊断\.venv\Lib\site-packages\uvicorn\protocols\http\httptools_impl.py", line 421, in run_asgi
    result = await app(  # type: ignore[func-returns-value]
             ^^^^^^^^^^^^^^^^^^^^^^^^^^^^^^^^^^^^^^^^^^^^^^
  File "D:\桌面\门店数据诊断\.venv\Lib\site-packages\uvicorn\middleware\proxy_headers.py", line 62, in __call__
    return await self.app(scope, receive, send)
           ^^^^^^^^^^^^^^^^^^^^^^^^^^^^^^^^^^^^
  File "D:\桌面\门店数据诊断\.venv\Lib\site-packages\starlette\applications.py", line 90, in __call__
    await self.middleware_stack(scope, receive, send)
  File "D:\桌面\门店数据诊断\.venv\Lib\site-packages\starlette\middleware\errors.py", line 186, in __call__
    raise exc
  File "D:\桌面\门店数据诊断\.venv\Lib\site-packages\starlette\middleware\errors.py", line 164, in __call__
    await self.app(scope, receive, _send)
  File "D:\桌面\门店数据诊断\.venv\Lib\site-packages\streamlit\web\server\starlette\starlette_path_security_middleware.py", line 174, in __call__
    await self.app(scope, receive, send)
  File "D:\桌面\门店数据诊断\.venv\Lib\site-packages\starlette\middleware\sessions.py", line 88, in __call__
    await self.app(scope, receive, send_wrapper)
  File "D:\桌面\门店数据诊断\.venv\Lib\site-packages\streamlit\web\server\starlette\starlette_gzip_middleware.py", line 144, in __call__
    await super().__call__(scope, receive, send)
  File "D:\桌面\门店数据诊断\.venv\Lib\site-packages\streamlit\web\server\starlette\starlette_gzip_middleware.py", line 131, in __call__
    await responder(scope, receive, send)
  File "D:\桌面\门店数据诊断\.venv\Lib\site-packages\starlette\middleware\gzip.py", line 130, in __call__
    await super().__call__(scope, receive, send)
  File "D:\桌面\门店数据诊断\.venv\Lib\site-packages\starlette\middleware\gzip.py", line 46, in __call__
    await self.app(scope, receive, self.send_with_compression)
  File "D:\桌面\门店数据诊断\.venv\Lib\site-packages\starlette\middleware\exceptions.py", line 63, in __call__
    await wrap_app_handling_exceptions(self.app, conn)(scope, receive, send)
  File "D:\桌面\门店数据诊断\.venv\Lib\site-packages\starlette\_exception_handler.py", line 53, in wrapped_app
    raise exc
  File "D:\桌面\门店数据诊断\.venv\Lib\site-packages\starlette\_exception_handler.py", line 42, in wrapped_app
    await app(scope, receive, sender)
  File "D:\桌面\门店数据诊断\.venv\Lib\site-packages\starlette\routing.py", line 660, in __call__
    await self.middleware_stack(scope, receive, send)
  File "D:\桌面\门店数据诊断\.venv\Lib\site-packages\starlette\routing.py", line 680, in app
    await route.handle(scope, receive, send)
  File "D:\桌面\门店数据诊断\.venv\Lib\site-packages\starlette\routing.py", line 448, in handle
    await self.app(scope, receive, send)
  File "D:\桌面\门店数据诊断\.venv\Lib\site-packages\streamlit\web\server\starlette\starlette_static_routes.py", line 125, in __call__
    await super().__call__(scope, receive, send)
  File "D:\桌面\门店数据诊断\.venv\Lib\site-packages\starlette\staticfiles.py", line 98, in __call__
    response = await self.get_response(path, scope)
               ^^^^^^^^^^^^^^^^^^^^^^^^^^^^^^^^^^^^
  File "D:\桌面\门店数据诊断\.venv\Lib\site-packages\streamlit\web\server\starlette\starlette_static_routes.py", line 132, in get_response
    response = await super().get_response(path, scope)
               ^^^^^^^^^^^^^^^^^^^^^^^^^^^^^^^^^^^^^^^
  File "D:\桌面\门店数据诊断\.venv\Lib\site-packages\starlette\staticfiles.py", line 125, in get_response
    raise exc
  File "D:\桌面\门店数据诊断\.venv\Lib\site-packages\starlette\staticfiles.py", line 117, in get_response
    full_path, stat_result = await anyio.to_thread.run_sync(self.lookup_path, path)
                             ^^^^^^^^^^^^^^^^^^^^^^^^^^^^^^^^^^^^^^^^^^^^^^^^^^^^^^
  File "D:\桌面\门店数据诊断\.venv\Lib\site-packages\anyio\to_thread.py", line 63, in run_sync
    return await get_async_backend().run_sync_in_worker_thread(
           ^^^^^^^^^^^^^^^^^^^^^^^^^^^^^^^^^^^^^^^^^^^^^^^^^^^^
  File "D:\桌面\门店数据诊断\.venv\Lib\site-packages\anyio\_backends\_asyncio.py", line 2518, in run_sync_in_worker_thread
    return await future
           ^^^^^^^^^^^^
  File "D:\桌面\门店数据诊断\.venv\Lib\site-packages\anyio\_backends\_asyncio.py", line 1002, in run
    result = context.run(func, *args)
             ^^^^^^^^^^^^^^^^^^^^^^^^
  File "D:\桌面\门店数据诊断\.venv\Lib\site-packages\starlette\staticfiles.py", line 170, in lookup_path
    return full_path, os.stat(full_path)
                      ^^^^^^^^^^^^^^^^^^
OSError: [WinError 123] 文件名、目录名或卷标语法不正确。: 'D:\\桌面\\门店数据诊断\\.venv\\Lib\\site-packages\\streamlit\\static\\:stethoscope:'
